"Date","Frequency","butterfly"
"new Date( 2016 , 6 , 11 )","5","butterfly"
"new Date( 2016 , 6 , 10 )","39","butterfly"
"new Date( 2016 , 6 , 9 )","30","butterfly"
"new Date( 2016 , 6 , 8 )","37","butterfly"
"new Date( 2016 , 6 , 7 )","22","butterfly"
"new Date( 2016 , 6 , 6 )","32","butterfly"
"new Date( 2016 , 6 , 5 )","27","butterfly"
"new Date( 2016 , 6 , 4 )","52","butterfly"
"new Date( 2016 , 6 , 3 )","26","butterfly"
"new Date( 2016 , 6 , 2 )","40","butterfly"
"new Date( 2016 , 6 , 1 )","42","butterfly"
"new Date( 2016 , 5 , 30 )","33","butterfly"
"new Date( 2016 , 5 , 29 )","42","butterfly"
"new Date( 2016 , 5 , 28 )","39","butterfly"
"new Date( 2016 , 5 , 27 )","47","butterfly"
"new Date( 2016 , 5 , 26 )","64","butterfly"
"new Date( 2016 , 5 , 25 )","45","butterfly"
"new Date( 2016 , 5 , 24 )","33","butterfly"
"new Date( 2016 , 5 , 23 )","30","butterfly"
"new Date( 2016 , 5 , 22 )","43","butterfly"
"new Date( 2016 , 5 , 21 )","40","butterfly"
"new Date( 2016 , 5 , 20 )","56","butterfly"
"new Date( 2016 , 5 , 19 )","66","butterfly"
"new Date( 2016 , 5 , 18 )","40","butterfly"
"new Date( 2016 , 5 , 17 )","38","butterfly"
"new Date( 2016 , 5 , 16 )","40","butterfly"
"new Date( 2016 , 5 , 15 )","48","butterfly"
"new Date( 2016 , 5 , 14 )","48","butterfly"
"new Date( 2016 , 5 , 13 )","57","butterfly"
"new Date( 2016 , 5 , 12 )","44","butterfly"
"new Date( 2016 , 5 , 11 )","43","butterfly"
"new Date( 2016 , 5 , 10 )","78","butterfly"
"new Date( 2016 , 5 , 9 )","51","butterfly"
"new Date( 2016 , 5 , 8 )","60","butterfly"
"new Date( 2016 , 5 , 7 )","54","butterfly"
"new Date( 2016 , 5 , 6 )","43","butterfly"
"new Date( 2016 , 5 , 5 )","52","butterfly"
"new Date( 2016 , 5 , 4 )","52","butterfly"
"new Date( 2016 , 5 , 3 )","66","butterfly"
"new Date( 2016 , 5 , 2 )","76","butterfly"
"new Date( 2016 , 5 , 1 )","63","butterfly"
"new Date( 2016 , 4 , 31 )","66","butterfly"
"new Date( 2016 , 4 , 30 )","69","butterfly"
"new Date( 2016 , 4 , 29 )","65","butterfly"
"new Date( 2016 , 4 , 28 )","53","butterfly"
"new Date( 2016 , 4 , 27 )","73","butterfly"
"new Date( 2016 , 4 , 26 )","43","butterfly"
"new Date( 2016 , 4 , 25 )","62","butterfly"
"new Date( 2016 , 4 , 24 )","43","butterfly"
"new Date( 2016 , 4 , 23 )","47","butterfly"
"new Date( 2016 , 4 , 22 )","52","butterfly"
"new Date( 2016 , 4 , 21 )","49","butterfly"
"new Date( 2016 , 4 , 20 )","73","butterfly"
"new Date( 2016 , 4 , 19 )","48","butterfly"
"new Date( 2016 , 4 , 18 )","58","butterfly"
"new Date( 2016 , 4 , 17 )","77","butterfly"
"new Date( 2016 , 4 , 16 )","65","butterfly"
"new Date( 2016 , 4 , 15 )","72","butterfly"
"new Date( 2016 , 4 , 14 )","66","butterfly"
"new Date( 2016 , 4 , 13 )","58","butterfly"
"new Date( 2016 , 4 , 12 )","61","butterfly"
"new Date( 2016 , 4 , 11 )","67","butterfly"
"new Date( 2016 , 4 , 10 )","60","butterfly"
"new Date( 2016 , 4 , 9 )","88","butterfly"
"new Date( 2016 , 4 , 8 )","82","butterfly"
"new Date( 2016 , 4 , 7 )","65","butterfly"
"new Date( 2016 , 4 , 6 )","65","butterfly"
"new Date( 2016 , 4 , 5 )","64","butterfly"
"new Date( 2016 , 4 , 4 )","54","butterfly"
"new Date( 2016 , 4 , 3 )","60","butterfly"
"new Date( 2016 , 4 , 2 )","80","butterfly"
"new Date( 2016 , 4 , 1 )","61","butterfly"
"new Date( 2016 , 3 , 30 )","62","butterfly"
"new Date( 2016 , 3 , 29 )","70","butterfly"
"new Date( 2016 , 3 , 28 )","72","butterfly"
"new Date( 2016 , 3 , 27 )","61","butterfly"
"new Date( 2016 , 3 , 26 )","81","butterfly"
"new Date( 2016 , 3 , 25 )","88","butterfly"
"new Date( 2016 , 3 , 24 )","63","butterfly"
"new Date( 2016 , 3 , 23 )","61","butterfly"
"new Date( 2016 , 3 , 22 )","71","butterfly"
"new Date( 2016 , 3 , 21 )","58","butterfly"
"new Date( 2016 , 3 , 20 )","82","butterfly"
"new Date( 2016 , 3 , 19 )","95","butterfly"
"new Date( 2016 , 3 , 18 )","79","butterfly"
"new Date( 2016 , 3 , 17 )","89","butterfly"
"new Date( 2016 , 3 , 16 )","65","butterfly"
"new Date( 2016 , 3 , 15 )","115","butterfly"
"new Date( 2016 , 3 , 14 )","92","butterfly"
"new Date( 2016 , 3 , 13 )","61","butterfly"
"new Date( 2016 , 3 , 12 )","82","butterfly"
"new Date( 2016 , 3 , 11 )","72","butterfly"
"new Date( 2016 , 3 , 10 )","65","butterfly"
"new Date( 2016 , 3 , 9 )","80","butterfly"
"new Date( 2016 , 3 , 8 )","77","butterfly"
"new Date( 2016 , 3 , 7 )","77","butterfly"
"new Date( 2016 , 3 , 6 )","84","butterfly"
"new Date( 2016 , 3 , 5 )","92","butterfly"
"new Date( 2016 , 3 , 4 )","88","butterfly"
"new Date( 2016 , 3 , 3 )","92","butterfly"
"new Date( 2016 , 3 , 2 )","146","butterfly"
"new Date( 2016 , 3 , 1 )","56","butterfly"
"new Date( 2016 , 2 , 31 )","62","butterfly"
"new Date( 2016 , 2 , 30 )","46","butterfly"
"new Date( 2016 , 2 , 29 )","63","butterfly"
"new Date( 2016 , 2 , 28 )","62","butterfly"
"new Date( 2016 , 2 , 27 )","74","butterfly"
"new Date( 2016 , 2 , 26 )","37","butterfly"
"new Date( 2016 , 2 , 25 )","47","butterfly"
"new Date( 2016 , 2 , 24 )","47","butterfly"
"new Date( 2016 , 2 , 23 )","45","butterfly"
"new Date( 2016 , 2 , 22 )","56","butterfly"
"new Date( 2016 , 2 , 21 )","77","butterfly"
"new Date( 2016 , 2 , 20 )","66","butterfly"
"new Date( 2016 , 2 , 19 )","89","butterfly"
"new Date( 2016 , 2 , 18 )","61","butterfly"
"new Date( 2016 , 2 , 17 )","54","butterfly"
"new Date( 2016 , 2 , 16 )","63","butterfly"
"new Date( 2016 , 2 , 15 )","61","butterfly"
"new Date( 2016 , 2 , 14 )","74","butterfly"
"new Date( 2016 , 2 , 13 )","75","butterfly"
"new Date( 2016 , 2 , 12 )","80","butterfly"
"new Date( 2016 , 2 , 11 )","49","butterfly"
"new Date( 2016 , 2 , 10 )","57","butterfly"
"new Date( 2016 , 2 , 9 )","43","butterfly"
"new Date( 2016 , 2 , 8 )","49","butterfly"
"new Date( 2016 , 2 , 7 )","59","butterfly"
"new Date( 2016 , 2 , 6 )","66","butterfly"
"new Date( 2016 , 2 , 5 )","54","butterfly"
"new Date( 2016 , 2 , 4 )","47","butterfly"
"new Date( 2016 , 2 , 3 )","85","butterfly"
"new Date( 2016 , 2 , 2 )","69","butterfly"
"new Date( 2016 , 2 , 1 )","76","butterfly"
"new Date( 2016 , 1 , 29 )","77","butterfly"
"new Date( 2016 , 1 , 28 )","90","butterfly"
"new Date( 2016 , 1 , 27 )","75","butterfly"
"new Date( 2016 , 1 , 26 )","71","butterfly"
"new Date( 2016 , 1 , 25 )","71","butterfly"
"new Date( 2016 , 1 , 24 )","72","butterfly"
"new Date( 2016 , 1 , 23 )","66","butterfly"
"new Date( 2016 , 1 , 22 )","59","butterfly"
"new Date( 2016 , 1 , 21 )","58","butterfly"
"new Date( 2016 , 1 , 20 )","85","butterfly"
"new Date( 2016 , 1 , 19 )","67","butterfly"
"new Date( 2016 , 1 , 18 )","52","butterfly"
"new Date( 2016 , 1 , 17 )","79","butterfly"
"new Date( 2016 , 1 , 16 )","71","butterfly"
"new Date( 2016 , 1 , 15 )","55","butterfly"
"new Date( 2016 , 1 , 14 )","89","butterfly"
"new Date( 2016 , 1 , 13 )","75","butterfly"
"new Date( 2016 , 1 , 12 )","64","butterfly"
"new Date( 2016 , 1 , 11 )","51","butterfly"
"new Date( 2016 , 1 , 10 )","61","butterfly"
"new Date( 2016 , 1 , 9 )","77","butterfly"
"new Date( 2016 , 1 , 8 )","66","butterfly"
"new Date( 2016 , 1 , 7 )","57","butterfly"
"new Date( 2016 , 1 , 6 )","69","butterfly"
"new Date( 2016 , 1 , 5 )","78","butterfly"
"new Date( 2016 , 1 , 4 )","72","butterfly"
"new Date( 2016 , 1 , 3 )","65","butterfly"
"new Date( 2016 , 1 , 2 )","77","butterfly"
"new Date( 2016 , 1 , 1 )","68","butterfly"
"new Date( 2016 , 0 , 31 )","67","butterfly"
"new Date( 2016 , 0 , 30 )","82","butterfly"
"new Date( 2016 , 0 , 29 )","72","butterfly"
"new Date( 2016 , 0 , 28 )","60","butterfly"
"new Date( 2016 , 0 , 27 )","53","butterfly"
"new Date( 2016 , 0 , 26 )","80","butterfly"
"new Date( 2016 , 0 , 25 )","81","butterfly"
"new Date( 2016 , 0 , 24 )","139","butterfly"
"new Date( 2016 , 0 , 23 )","44","butterfly"
"new Date( 2016 , 0 , 22 )","61","butterfly"
"new Date( 2016 , 0 , 21 )","59","butterfly"
"new Date( 2016 , 0 , 20 )","56","butterfly"
"new Date( 2016 , 0 , 19 )","74","butterfly"
"new Date( 2016 , 0 , 18 )","68","butterfly"
"new Date( 2016 , 0 , 17 )","77","butterfly"
"new Date( 2016 , 0 , 16 )","68","butterfly"
"new Date( 2016 , 0 , 15 )","57","butterfly"
"new Date( 2016 , 0 , 14 )","86","butterfly"
"new Date( 2016 , 0 , 13 )","67","butterfly"
"new Date( 2016 , 0 , 12 )","63","butterfly"
"new Date( 2016 , 0 , 11 )","85","butterfly"
"new Date( 2016 , 0 , 10 )","67","butterfly"
"new Date( 2016 , 0 , 9 )","66","butterfly"
"new Date( 2016 , 0 , 8 )","86","butterfly"
"new Date( 2016 , 0 , 7 )","153","butterfly"
"new Date( 2016 , 0 , 6 )","92","butterfly"
"new Date( 2016 , 0 , 5 )","67","butterfly"
"new Date( 2016 , 0 , 4 )","83","butterfly"
"new Date( 2016 , 0 , 3 )","65","butterfly"
"new Date( 2016 , 0 , 2 )","53","butterfly"
"new Date( 2016 , 0 , 1 )","63","butterfly"
"new Date( 2015 , 11 , 31 )","45","butterfly"
"new Date( 2015 , 11 , 30 )","58","butterfly"
"new Date( 2015 , 11 , 29 )","77","butterfly"
"new Date( 2015 , 11 , 28 )","61","butterfly"
"new Date( 2015 , 11 , 27 )","61","butterfly"
"new Date( 2015 , 11 , 26 )","70","butterfly"
"new Date( 2015 , 11 , 25 )","68","butterfly"
"new Date( 2015 , 11 , 24 )","71","butterfly"
"new Date( 2015 , 11 , 23 )","72","butterfly"
"new Date( 2015 , 11 , 22 )","52","butterfly"
"new Date( 2015 , 11 , 21 )","57","butterfly"
"new Date( 2015 , 11 , 20 )","59","butterfly"
"new Date( 2015 , 11 , 19 )","72","butterfly"
"new Date( 2015 , 11 , 18 )","75","butterfly"
"new Date( 2015 , 11 , 17 )","52","butterfly"
"new Date( 2015 , 11 , 16 )","44","butterfly"
"new Date( 2015 , 11 , 15 )","67","butterfly"
"new Date( 2015 , 11 , 14 )","60","butterfly"
"new Date( 2015 , 11 , 13 )","56","butterfly"
"new Date( 2015 , 11 , 12 )","59","butterfly"
"new Date( 2015 , 11 , 11 )","60","butterfly"
"new Date( 2015 , 11 , 10 )","91","butterfly"
"new Date( 2015 , 11 , 9 )","126","butterfly"
"new Date( 2015 , 11 , 8 )","71","butterfly"
"new Date( 2015 , 11 , 7 )","88","butterfly"
"new Date( 2015 , 11 , 6 )","68","butterfly"
"new Date( 2015 , 11 , 5 )","62","butterfly"
"new Date( 2015 , 11 , 4 )","63","butterfly"
"new Date( 2015 , 11 , 3 )","71","butterfly"
"new Date( 2015 , 11 , 2 )","73","butterfly"
"new Date( 2015 , 11 , 1 )","71","butterfly"
"new Date( 2015 , 10 , 30 )","77","butterfly"
"new Date( 2015 , 10 , 29 )","54","butterfly"
"new Date( 2015 , 10 , 28 )","81","butterfly"
"new Date( 2015 , 10 , 27 )","62","butterfly"
"new Date( 2015 , 10 , 26 )","78","butterfly"
"new Date( 2015 , 10 , 25 )","93","butterfly"
"new Date( 2015 , 10 , 24 )","71","butterfly"
"new Date( 2015 , 10 , 23 )","60","butterfly"
"new Date( 2015 , 10 , 22 )","68","butterfly"
"new Date( 2015 , 10 , 21 )","77","butterfly"
"new Date( 2015 , 10 , 20 )","81","butterfly"
"new Date( 2015 , 10 , 19 )","99","butterfly"
"new Date( 2015 , 10 , 18 )","75","butterfly"
"new Date( 2015 , 10 , 17 )","90","butterfly"
"new Date( 2015 , 10 , 16 )","82","butterfly"
"new Date( 2015 , 10 , 15 )","59","butterfly"
"new Date( 2015 , 10 , 14 )","78","butterfly"
"new Date( 2015 , 10 , 13 )","73","butterfly"
"new Date( 2015 , 10 , 12 )","74","butterfly"
"new Date( 2015 , 10 , 11 )","86","butterfly"
"new Date( 2015 , 10 , 10 )","78","butterfly"
"new Date( 2015 , 10 , 9 )","101","butterfly"
"new Date( 2015 , 10 , 8 )","107","butterfly"
"new Date( 2015 , 10 , 7 )","88","butterfly"
"new Date( 2015 , 10 , 6 )","70","butterfly"
"new Date( 2015 , 10 , 5 )","75","butterfly"
"new Date( 2015 , 10 , 4 )","87","butterfly"
"new Date( 2015 , 10 , 3 )","65","butterfly"
"new Date( 2015 , 10 , 2 )","97","butterfly"
"new Date( 2015 , 10 , 1 )","62","butterfly"
"new Date( 2015 , 9 , 31 )","65","butterfly"
"new Date( 2015 , 9 , 30 )","99","butterfly"
"new Date( 2015 , 9 , 29 )","74","butterfly"
"new Date( 2015 , 9 , 28 )","63","butterfly"
"new Date( 2015 , 9 , 27 )","85","butterfly"
"new Date( 2015 , 9 , 26 )","79","butterfly"
"new Date( 2015 , 9 , 25 )","54","butterfly"
"new Date( 2015 , 9 , 24 )","63","butterfly"
"new Date( 2015 , 9 , 23 )","82","butterfly"
"new Date( 2015 , 9 , 22 )","63","butterfly"
"new Date( 2015 , 9 , 21 )","79","butterfly"
"new Date( 2015 , 9 , 20 )","73","butterfly"
"new Date( 2015 , 9 , 19 )","77","butterfly"
"new Date( 2015 , 9 , 18 )","75","butterfly"
"new Date( 2015 , 9 , 17 )","76","butterfly"
"new Date( 2015 , 9 , 16 )","58","butterfly"
"new Date( 2015 , 9 , 15 )","53","butterfly"
"new Date( 2015 , 9 , 14 )","64","butterfly"
"new Date( 2015 , 9 , 13 )","72","butterfly"
"new Date( 2015 , 9 , 12 )","86","butterfly"
"new Date( 2015 , 9 , 11 )","58","butterfly"
"new Date( 2015 , 9 , 10 )","59","butterfly"
"new Date( 2015 , 9 , 9 )","62","butterfly"
"new Date( 2015 , 9 , 8 )","52","butterfly"
"new Date( 2015 , 9 , 7 )","81","butterfly"
"new Date( 2015 , 9 , 6 )","64","butterfly"
"new Date( 2015 , 9 , 5 )","59","butterfly"
"new Date( 2015 , 9 , 4 )","68","butterfly"
"new Date( 2015 , 9 , 3 )","82","butterfly"
"new Date( 2015 , 9 , 2 )","72","butterfly"
"new Date( 2015 , 9 , 1 )","52","butterfly"
"new Date( 2015 , 8 , 30 )","75","butterfly"
"new Date( 2015 , 8 , 29 )","83","butterfly"
"new Date( 2015 , 8 , 28 )","91","butterfly"
"new Date( 2015 , 8 , 27 )","116","butterfly"
"new Date( 2015 , 8 , 26 )","94","butterfly"
"new Date( 2015 , 8 , 25 )","82","butterfly"
"new Date( 2015 , 8 , 24 )","81","butterfly"
"new Date( 2015 , 8 , 23 )","84","butterfly"
"new Date( 2015 , 8 , 22 )","105","butterfly"
"new Date( 2015 , 8 , 21 )","102","butterfly"
"new Date( 2015 , 8 , 20 )","102","butterfly"
"new Date( 2015 , 8 , 19 )","35","butterfly"
"new Date( 2015 , 6 , 11 )","65","butterfly"
"new Date( 2015 , 6 , 10 )","64","butterfly"
"new Date( 2015 , 6 , 9 )","50","butterfly"
"new Date( 2015 , 6 , 8 )","66","butterfly"
"new Date( 2015 , 6 , 7 )","75","butterfly"
"new Date( 2015 , 6 , 6 )","68","butterfly"
"new Date( 2015 , 6 , 5 )","64","butterfly"
"new Date( 2015 , 6 , 4 )","69","butterfly"
"new Date( 2015 , 6 , 3 )","83","butterfly"
"new Date( 2015 , 6 , 2 )","54","butterfly"
"new Date( 2015 , 6 , 1 )","68","butterfly"
"new Date( 2015 , 5 , 30 )","73","butterfly"
"new Date( 2015 , 5 , 29 )","66","butterfly"
"new Date( 2015 , 5 , 28 )","59","butterfly"
"new Date( 2015 , 5 , 27 )","71","butterfly"
"new Date( 2015 , 5 , 26 )","76","butterfly"
"new Date( 2015 , 5 , 25 )","62","butterfly"
"new Date( 2015 , 5 , 24 )","38","butterfly"
"new Date( 2015 , 5 , 23 )","60","butterfly"
"new Date( 2015 , 5 , 22 )","67","butterfly"
"new Date( 2015 , 5 , 21 )","56","butterfly"
"new Date( 2015 , 5 , 20 )","72","butterfly"
"new Date( 2015 , 5 , 19 )","48","butterfly"
"new Date( 2015 , 5 , 18 )","55","butterfly"
"new Date( 2015 , 5 , 17 )","60","butterfly"
"new Date( 2015 , 5 , 16 )","76","butterfly"
"new Date( 2015 , 5 , 15 )","51","butterfly"
"new Date( 2015 , 5 , 14 )","55","butterfly"
"new Date( 2015 , 5 , 13 )","52","butterfly"
"new Date( 2015 , 5 , 12 )","66","butterfly"
"new Date( 2015 , 5 , 11 )","86","butterfly"
"new Date( 2015 , 5 , 10 )","80","butterfly"
"new Date( 2015 , 5 , 9 )","68","butterfly"
"new Date( 2015 , 5 , 8 )","69","butterfly"
"new Date( 2015 , 5 , 7 )","71","butterfly"
"new Date( 2015 , 5 , 6 )","44","butterfly"
"new Date( 2015 , 5 , 5 )","65","butterfly"
"new Date( 2015 , 5 , 4 )","74","butterfly"
"new Date( 2015 , 5 , 3 )","69","butterfly"
"new Date( 2015 , 5 , 2 )","70","butterfly"
"new Date( 2015 , 5 , 1 )","85","butterfly"
"new Date( 2015 , 4 , 31 )","56","butterfly"
"new Date( 2015 , 4 , 30 )","69","butterfly"
"new Date( 2015 , 4 , 29 )","62","butterfly"
"new Date( 2015 , 4 , 28 )","57","butterfly"
"new Date( 2015 , 4 , 27 )","73","butterfly"
"new Date( 2015 , 4 , 26 )","73","butterfly"
"new Date( 2015 , 4 , 25 )","76","butterfly"
"new Date( 2015 , 4 , 24 )","69","butterfly"
"new Date( 2015 , 4 , 23 )","64","butterfly"
"new Date( 2015 , 4 , 22 )","85","butterfly"
"new Date( 2015 , 4 , 21 )","88","butterfly"
"new Date( 2015 , 4 , 20 )","58","butterfly"
"new Date( 2015 , 4 , 19 )","78","butterfly"
"new Date( 2015 , 4 , 18 )","83","butterfly"
"new Date( 2015 , 4 , 17 )","81","butterfly"
"new Date( 2015 , 4 , 16 )","65","butterfly"
"new Date( 2015 , 4 , 15 )","73","butterfly"
"new Date( 2015 , 4 , 14 )","62","butterfly"
"new Date( 2015 , 4 , 13 )","71","butterfly"
"new Date( 2015 , 4 , 12 )","118","butterfly"
"new Date( 2015 , 4 , 11 )","79","butterfly"
"new Date( 2015 , 4 , 10 )","83","butterfly"
"new Date( 2015 , 4 , 9 )","83","butterfly"
"new Date( 2015 , 4 , 8 )","79","butterfly"
"new Date( 2015 , 4 , 7 )","131","butterfly"
"new Date( 2015 , 4 , 6 )","84","butterfly"
"new Date( 2015 , 4 , 5 )","114","butterfly"
"new Date( 2015 , 4 , 4 )","101","butterfly"
"new Date( 2015 , 4 , 3 )","84","butterfly"
"new Date( 2015 , 4 , 2 )","60","butterfly"
"new Date( 2015 , 4 , 1 )","73","butterfly"
"new Date( 2015 , 3 , 30 )","54","butterfly"
"new Date( 2015 , 3 , 29 )","64","butterfly"
"new Date( 2015 , 3 , 28 )","62","butterfly"
"new Date( 2015 , 3 , 27 )","71","butterfly"
"new Date( 2015 , 3 , 26 )","89","butterfly"
"new Date( 2015 , 3 , 25 )","135","butterfly"
"new Date( 2015 , 3 , 24 )","66","butterfly"
"new Date( 2015 , 3 , 23 )","50","butterfly"
"new Date( 2015 , 3 , 22 )","58","butterfly"
"new Date( 2015 , 3 , 21 )","81","butterfly"
"new Date( 2015 , 3 , 20 )","89","butterfly"
"new Date( 2015 , 3 , 19 )","57","butterfly"
"new Date( 2015 , 3 , 18 )","53","butterfly"
"new Date( 2015 , 3 , 17 )","51","butterfly"
"new Date( 2015 , 3 , 16 )","56","butterfly"
"new Date( 2015 , 3 , 15 )","52","butterfly"
"new Date( 2015 , 3 , 14 )","52","butterfly"
"new Date( 2015 , 3 , 13 )","78","butterfly"
"new Date( 2015 , 3 , 12 )","70","butterfly"
"new Date( 2015 , 3 , 11 )","52","butterfly"
"new Date( 2015 , 3 , 10 )","68","butterfly"
"new Date( 2015 , 3 , 9 )","64","butterfly"
"new Date( 2015 , 3 , 8 )","73","butterfly"
"new Date( 2015 , 3 , 7 )","61","butterfly"
"new Date( 2015 , 3 , 6 )","67","butterfly"
"new Date( 2015 , 3 , 5 )","61","butterfly"
"new Date( 2015 , 3 , 4 )","58","butterfly"
"new Date( 2015 , 3 , 3 )","72","butterfly"
"new Date( 2015 , 3 , 2 )","72","butterfly"
"new Date( 2015 , 3 , 1 )","77","butterfly"
"new Date( 2015 , 2 , 31 )","62","butterfly"
"new Date( 2015 , 2 , 30 )","112","butterfly"
"new Date( 2015 , 2 , 29 )","60","butterfly"
"new Date( 2015 , 2 , 28 )","55","butterfly"
"new Date( 2015 , 2 , 27 )","98","butterfly"
"new Date( 2015 , 2 , 26 )","61","butterfly"
"new Date( 2015 , 2 , 25 )","67","butterfly"
"new Date( 2015 , 2 , 24 )","85","butterfly"
"new Date( 2015 , 2 , 23 )","62","butterfly"
"new Date( 2015 , 2 , 22 )","60","butterfly"
"new Date( 2015 , 2 , 21 )","70","butterfly"
"new Date( 2015 , 2 , 20 )","79","butterfly"
"new Date( 2015 , 2 , 19 )","66","butterfly"
"new Date( 2015 , 2 , 18 )","68","butterfly"
"new Date( 2015 , 2 , 17 )","70","butterfly"
"new Date( 2015 , 2 , 16 )","70","butterfly"
"new Date( 2015 , 2 , 15 )","59","butterfly"
"new Date( 2015 , 2 , 14 )","59","butterfly"
"new Date( 2015 , 2 , 13 )","77","butterfly"
"new Date( 2015 , 2 , 12 )","66","butterfly"
"new Date( 2015 , 2 , 11 )","52","butterfly"
"new Date( 2015 , 2 , 10 )","67","butterfly"
"new Date( 2015 , 2 , 9 )","62","butterfly"
"new Date( 2015 , 2 , 8 )","66","butterfly"
"new Date( 2015 , 2 , 7 )","70","butterfly"
"new Date( 2015 , 2 , 6 )","74","butterfly"
"new Date( 2015 , 2 , 5 )","85","butterfly"
"new Date( 2015 , 2 , 4 )","48","butterfly"
"new Date( 2015 , 2 , 3 )","60","butterfly"
"new Date( 2015 , 2 , 2 )","69","butterfly"
"new Date( 2015 , 2 , 1 )","59","butterfly"
"new Date( 2015 , 1 , 28 )","64","butterfly"
"new Date( 2015 , 1 , 27 )","75","butterfly"
"new Date( 2015 , 1 , 26 )","63","butterfly"
"new Date( 2015 , 1 , 25 )","61","butterfly"
"new Date( 2015 , 1 , 24 )","70","butterfly"
"new Date( 2015 , 1 , 23 )","65","butterfly"
"new Date( 2015 , 1 , 22 )","55","butterfly"
"new Date( 2015 , 1 , 21 )","74","butterfly"
"new Date( 2015 , 1 , 20 )","78","butterfly"
"new Date( 2015 , 1 , 19 )","58","butterfly"
"new Date( 2015 , 1 , 18 )","64","butterfly"
"new Date( 2015 , 1 , 17 )","72","butterfly"
"new Date( 2015 , 1 , 16 )","63","butterfly"
"new Date( 2015 , 1 , 15 )","75","butterfly"
"new Date( 2015 , 1 , 14 )","72","butterfly"
"new Date( 2015 , 1 , 13 )","76","butterfly"
"new Date( 2015 , 1 , 12 )","59","butterfly"
"new Date( 2015 , 1 , 11 )","69","butterfly"
"new Date( 2015 , 1 , 10 )","60","butterfly"
"new Date( 2015 , 1 , 9 )","73","butterfly"
"new Date( 2015 , 1 , 8 )","71","butterfly"
"new Date( 2015 , 1 , 7 )","48","butterfly"
"new Date( 2015 , 1 , 6 )","77","butterfly"
"new Date( 2015 , 1 , 5 )","77","butterfly"
"new Date( 2015 , 1 , 4 )","66","butterfly"
"new Date( 2015 , 1 , 3 )","70","butterfly"
"new Date( 2015 , 1 , 2 )","74","butterfly"
"new Date( 2015 , 1 , 1 )","113","butterfly"
"new Date( 2015 , 0 , 31 )","112","butterfly"
"new Date( 2015 , 0 , 30 )","80","butterfly"
"new Date( 2015 , 0 , 29 )","75","butterfly"
"new Date( 2015 , 0 , 28 )","74","butterfly"
"new Date( 2015 , 0 , 27 )","82","butterfly"
"new Date( 2015 , 0 , 26 )","72","butterfly"
"new Date( 2015 , 0 , 25 )","67","butterfly"
"new Date( 2015 , 0 , 24 )","57","butterfly"
"new Date( 2015 , 0 , 23 )","66","butterfly"
"new Date( 2015 , 0 , 22 )","74","butterfly"
"new Date( 2015 , 0 , 21 )","62","butterfly"
"new Date( 2015 , 0 , 20 )","72","butterfly"
"new Date( 2015 , 0 , 19 )","74","butterfly"
"new Date( 2015 , 0 , 18 )","68","butterfly"
"new Date( 2015 , 0 , 17 )","59","butterfly"
"new Date( 2015 , 0 , 16 )","72","butterfly"
"new Date( 2015 , 0 , 15 )","63","butterfly"
"new Date( 2015 , 0 , 14 )","54","butterfly"
"new Date( 2015 , 0 , 13 )","74","butterfly"
"new Date( 2015 , 0 , 12 )","74","butterfly"
"new Date( 2015 , 0 , 11 )","60","butterfly"
"new Date( 2015 , 0 , 10 )","89","butterfly"
"new Date( 2015 , 0 , 9 )","51","butterfly"
"new Date( 2015 , 0 , 8 )","66","butterfly"
"new Date( 2015 , 0 , 7 )","66","butterfly"
"new Date( 2015 , 0 , 6 )","68","butterfly"
"new Date( 2015 , 0 , 5 )","91","butterfly"
"new Date( 2015 , 0 , 4 )","80","butterfly"
"new Date( 2015 , 0 , 3 )","69","butterfly"
"new Date( 2015 , 0 , 2 )","71","butterfly"
"new Date( 2015 , 0 , 1 )","74","butterfly"
"new Date( 2014 , 11 , 31 )","68","butterfly"
"new Date( 2014 , 11 , 30 )","86","butterfly"
"new Date( 2014 , 11 , 29 )","68","butterfly"
"new Date( 2014 , 11 , 28 )","67","butterfly"
"new Date( 2014 , 11 , 27 )","65","butterfly"
"new Date( 2014 , 11 , 26 )","55","butterfly"
"new Date( 2014 , 11 , 25 )","40","butterfly"
"new Date( 2014 , 11 , 24 )","77","butterfly"
"new Date( 2014 , 11 , 23 )","68","butterfly"
"new Date( 2014 , 11 , 22 )","81","butterfly"
"new Date( 2014 , 11 , 21 )","86","butterfly"
"new Date( 2014 , 11 , 20 )","58","butterfly"
"new Date( 2014 , 11 , 19 )","96","butterfly"
"new Date( 2014 , 11 , 18 )","69","butterfly"
"new Date( 2014 , 11 , 17 )","54","butterfly"
"new Date( 2014 , 11 , 16 )","63","butterfly"
"new Date( 2014 , 11 , 15 )","74","butterfly"
"new Date( 2014 , 11 , 14 )","73","butterfly"
"new Date( 2014 , 11 , 13 )","64","butterfly"
"new Date( 2014 , 11 , 12 )","70","butterfly"
"new Date( 2014 , 11 , 11 )","73","butterfly"
"new Date( 2014 , 11 , 10 )","69","butterfly"
"new Date( 2014 , 11 , 9 )","76","butterfly"
"new Date( 2014 , 11 , 8 )","67","butterfly"
"new Date( 2014 , 11 , 7 )","95","butterfly"
"new Date( 2014 , 11 , 6 )","59","butterfly"
"new Date( 2014 , 11 , 5 )","78","butterfly"
"new Date( 2014 , 11 , 4 )","77","butterfly"
"new Date( 2014 , 11 , 3 )","66","butterfly"
"new Date( 2014 , 11 , 2 )","74","butterfly"
"new Date( 2014 , 11 , 1 )","65","butterfly"
"new Date( 2014 , 10 , 30 )","69","butterfly"
"new Date( 2014 , 10 , 29 )","85","butterfly"
"new Date( 2014 , 10 , 28 )","84","butterfly"
"new Date( 2014 , 10 , 27 )","64","butterfly"
"new Date( 2014 , 10 , 26 )","111","butterfly"
"new Date( 2014 , 10 , 25 )","96","butterfly"
"new Date( 2014 , 10 , 24 )","86","butterfly"
"new Date( 2014 , 10 , 23 )","75","butterfly"
"new Date( 2014 , 10 , 22 )","77","butterfly"
"new Date( 2014 , 10 , 21 )","97","butterfly"
"new Date( 2014 , 10 , 20 )","75","butterfly"
"new Date( 2014 , 10 , 19 )","102","butterfly"
"new Date( 2014 , 10 , 18 )","104","butterfly"
"new Date( 2014 , 10 , 17 )","115","butterfly"
"new Date( 2014 , 10 , 16 )","102","butterfly"
"new Date( 2014 , 10 , 15 )","139","butterfly"
"new Date( 2014 , 10 , 14 )","73","butterfly"
"new Date( 2014 , 10 , 13 )","78","butterfly"
"new Date( 2014 , 10 , 12 )","72","butterfly"
"new Date( 2014 , 10 , 11 )","81","butterfly"
"new Date( 2014 , 10 , 10 )","88","butterfly"
"new Date( 2014 , 10 , 9 )","74","butterfly"
"new Date( 2014 , 10 , 8 )","98","butterfly"
"new Date( 2014 , 10 , 7 )","101","butterfly"
"new Date( 2014 , 10 , 6 )","101","butterfly"
"new Date( 2014 , 10 , 5 )","104","butterfly"
"new Date( 2014 , 10 , 4 )","73","butterfly"
"new Date( 2014 , 10 , 3 )","90","butterfly"
"new Date( 2014 , 10 , 2 )","84","butterfly"
"new Date( 2014 , 10 , 1 )","54","butterfly"
"new Date( 2014 , 9 , 31 )","72","butterfly"
"new Date( 2014 , 9 , 30 )","54","butterfly"
"new Date( 2014 , 9 , 29 )","78","butterfly"
"new Date( 2014 , 9 , 28 )","84","butterfly"
"new Date( 2014 , 9 , 27 )","64","butterfly"
"new Date( 2014 , 9 , 26 )","70","butterfly"
"new Date( 2014 , 9 , 25 )","78","butterfly"
"new Date( 2014 , 9 , 24 )","66","butterfly"
"new Date( 2014 , 9 , 23 )","89","butterfly"
"new Date( 2014 , 9 , 22 )","88","butterfly"
"new Date( 2014 , 9 , 21 )","77","butterfly"
"new Date( 2014 , 9 , 20 )","77","butterfly"
"new Date( 2014 , 9 , 19 )","84","butterfly"
"new Date( 2014 , 9 , 18 )","82","butterfly"
"new Date( 2014 , 9 , 17 )","84","butterfly"
"new Date( 2014 , 9 , 16 )","93","butterfly"
"new Date( 2014 , 9 , 15 )","67","butterfly"
"new Date( 2014 , 9 , 14 )","76","butterfly"
"new Date( 2014 , 9 , 13 )","87","butterfly"
"new Date( 2014 , 9 , 12 )","93","butterfly"
"new Date( 2014 , 9 , 11 )","70","butterfly"
"new Date( 2014 , 9 , 10 )","75","butterfly"
"new Date( 2014 , 9 , 9 )","66","butterfly"
"new Date( 2014 , 6 , 11 )","95","butterfly"
"new Date( 2014 , 6 , 10 )","67","butterfly"
"new Date( 2014 , 6 , 9 )","71","butterfly"
"new Date( 2014 , 6 , 8 )","83","butterfly"
"new Date( 2014 , 6 , 7 )","91","butterfly"
"new Date( 2014 , 6 , 6 )","72","butterfly"
"new Date( 2014 , 6 , 5 )","90","butterfly"
"new Date( 2014 , 6 , 4 )","66","butterfly"
"new Date( 2014 , 6 , 3 )","80","butterfly"
"new Date( 2014 , 6 , 2 )","80","butterfly"
"new Date( 2014 , 6 , 1 )","95","butterfly"
"new Date( 2014 , 5 , 30 )","121","butterfly"
"new Date( 2014 , 5 , 29 )","153","butterfly"
"new Date( 2014 , 5 , 28 )","95","butterfly"
"new Date( 2014 , 5 , 27 )","86","butterfly"
"new Date( 2014 , 5 , 26 )","104","butterfly"
"new Date( 2014 , 5 , 25 )","129","butterfly"
"new Date( 2014 , 5 , 24 )","326","butterfly"
"new Date( 2014 , 5 , 23 )","224","butterfly"
"new Date( 2014 , 5 , 22 )","90","butterfly"
"new Date( 2014 , 5 , 21 )","79","butterfly"
"new Date( 2014 , 5 , 20 )","67","butterfly"
"new Date( 2014 , 5 , 19 )","71","butterfly"
"new Date( 2014 , 5 , 18 )","101","butterfly"
"new Date( 2014 , 5 , 17 )","63","butterfly"
"new Date( 2014 , 5 , 16 )","81","butterfly"
"new Date( 2014 , 5 , 15 )","66","butterfly"
"new Date( 2014 , 5 , 14 )","64","butterfly"
"new Date( 2014 , 5 , 13 )","71","butterfly"
"new Date( 2014 , 5 , 12 )","49","butterfly"
"new Date( 2014 , 5 , 11 )","64","butterfly"
"new Date( 2014 , 5 , 10 )","62","butterfly"
"new Date( 2014 , 5 , 9 )","78","butterfly"
"new Date( 2014 , 5 , 8 )","76","butterfly"
"new Date( 2014 , 5 , 7 )","101","butterfly"
"new Date( 2014 , 5 , 6 )","76","butterfly"
"new Date( 2014 , 5 , 5 )","69","butterfly"
"new Date( 2014 , 5 , 4 )","62","butterfly"
"new Date( 2014 , 5 , 3 )","57","butterfly"
"new Date( 2014 , 5 , 2 )","60","butterfly"
"new Date( 2014 , 5 , 1 )","91","butterfly"
"new Date( 2014 , 4 , 31 )","76","butterfly"
"new Date( 2014 , 4 , 30 )","104","butterfly"
"new Date( 2014 , 4 , 29 )","73","butterfly"
"new Date( 2014 , 4 , 28 )","63","butterfly"
"new Date( 2014 , 4 , 27 )","62","butterfly"
"new Date( 2014 , 4 , 26 )","76","butterfly"
"new Date( 2014 , 4 , 25 )","63","butterfly"
"new Date( 2014 , 4 , 24 )","67","butterfly"
"new Date( 2014 , 4 , 23 )","63","butterfly"
"new Date( 2014 , 4 , 22 )","65","butterfly"
"new Date( 2014 , 4 , 21 )","70","butterfly"
"new Date( 2014 , 4 , 20 )","67","butterfly"
"new Date( 2014 , 4 , 19 )","64","butterfly"
"new Date( 2014 , 4 , 18 )","51","butterfly"
"new Date( 2014 , 4 , 17 )","74","butterfly"
"new Date( 2014 , 4 , 16 )","76","butterfly"
"new Date( 2014 , 4 , 15 )","78","butterfly"
"new Date( 2014 , 4 , 14 )","85","butterfly"
"new Date( 2014 , 4 , 13 )","65","butterfly"
"new Date( 2014 , 4 , 12 )","73","butterfly"
"new Date( 2014 , 4 , 11 )","70","butterfly"
"new Date( 2014 , 4 , 10 )","70","butterfly"
"new Date( 2014 , 4 , 9 )","72","butterfly"
"new Date( 2014 , 4 , 8 )","68","butterfly"
"new Date( 2014 , 4 , 7 )","58","butterfly"
"new Date( 2014 , 4 , 6 )","124","butterfly"
"new Date( 2014 , 4 , 5 )","111","butterfly"
"new Date( 2014 , 4 , 4 )","85","butterfly"
"new Date( 2014 , 4 , 3 )","97","butterfly"
"new Date( 2014 , 4 , 2 )","65","butterfly"
"new Date( 2014 , 4 , 1 )","68","butterfly"
"new Date( 2014 , 3 , 30 )","72","butterfly"
"new Date( 2014 , 3 , 29 )","66","butterfly"
"new Date( 2014 , 3 , 28 )","81","butterfly"
"new Date( 2014 , 3 , 27 )","65","butterfly"
"new Date( 2014 , 3 , 26 )","76","butterfly"
"new Date( 2014 , 3 , 25 )","79","butterfly"
"new Date( 2014 , 3 , 24 )","70","butterfly"
"new Date( 2014 , 3 , 23 )","78","butterfly"
"new Date( 2014 , 3 , 22 )","91","butterfly"
"new Date( 2014 , 3 , 21 )","117","butterfly"
"new Date( 2014 , 3 , 20 )","117","butterfly"
"new Date( 2014 , 3 , 19 )","200","butterfly"
"new Date( 2014 , 3 , 18 )","107","butterfly"
"new Date( 2014 , 3 , 17 )","72","butterfly"
"new Date( 2014 , 3 , 16 )","90","butterfly"
"new Date( 2014 , 3 , 15 )","89","butterfly"
"new Date( 2014 , 3 , 14 )","128","butterfly"
"new Date( 2014 , 3 , 13 )","177","butterfly"
"new Date( 2014 , 3 , 12 )","117","butterfly"
"new Date( 2014 , 3 , 11 )","134","butterfly"
"new Date( 2014 , 3 , 10 )","74","butterfly"
"new Date( 2014 , 3 , 9 )","74","butterfly"
"new Date( 2014 , 3 , 8 )","61","butterfly"
"new Date( 2014 , 3 , 7 )","71","butterfly"
"new Date( 2014 , 3 , 6 )","65","butterfly"
"new Date( 2014 , 3 , 5 )","88","butterfly"
"new Date( 2014 , 3 , 4 )","84","butterfly"
"new Date( 2014 , 3 , 3 )","140","butterfly"
"new Date( 2014 , 3 , 2 )","180","butterfly"
"new Date( 2014 , 3 , 1 )","65","butterfly"
"new Date( 2014 , 2 , 31 )","77","butterfly"
"new Date( 2014 , 2 , 30 )","86","butterfly"
"new Date( 2014 , 2 , 29 )","75","butterfly"
"new Date( 2014 , 2 , 28 )","63","butterfly"
"new Date( 2014 , 2 , 27 )","46","butterfly"
"new Date( 2014 , 2 , 26 )","73","butterfly"
"new Date( 2014 , 2 , 25 )","76","butterfly"
"new Date( 2014 , 2 , 24 )","82","butterfly"
"new Date( 2014 , 2 , 23 )","70","butterfly"
"new Date( 2014 , 2 , 22 )","89","butterfly"
"new Date( 2014 , 2 , 21 )","125","butterfly"
"new Date( 2014 , 2 , 20 )","88","butterfly"
"new Date( 2014 , 2 , 19 )","84","butterfly"
"new Date( 2014 , 2 , 18 )","74","butterfly"
"new Date( 2014 , 2 , 17 )","101","butterfly"
"new Date( 2014 , 2 , 16 )","77","butterfly"
"new Date( 2014 , 2 , 15 )","103","butterfly"
"new Date( 2014 , 2 , 14 )","82","butterfly"
"new Date( 2014 , 2 , 13 )","64","butterfly"
"new Date( 2014 , 2 , 12 )","82","butterfly"
"new Date( 2014 , 2 , 11 )","77","butterfly"
"new Date( 2014 , 2 , 10 )","102","butterfly"
"new Date( 2014 , 2 , 9 )","73","butterfly"
"new Date( 2014 , 2 , 8 )","68","butterfly"
"new Date( 2014 , 2 , 7 )","69","butterfly"
"new Date( 2014 , 2 , 6 )","50","butterfly"
"new Date( 2014 , 2 , 5 )","58","butterfly"
"new Date( 2014 , 2 , 4 )","63","butterfly"
"new Date( 2014 , 2 , 3 )","56","butterfly"
"new Date( 2014 , 2 , 2 )","84","butterfly"
"new Date( 2014 , 2 , 1 )","51","butterfly"
"new Date( 2014 , 1 , 28 )","71","butterfly"
"new Date( 2014 , 1 , 27 )","55","butterfly"
"new Date( 2014 , 1 , 26 )","60","butterfly"
"new Date( 2014 , 1 , 25 )","54","butterfly"
"new Date( 2014 , 1 , 24 )","67","butterfly"
"new Date( 2014 , 1 , 23 )","59","butterfly"
"new Date( 2014 , 1 , 22 )","67","butterfly"
"new Date( 2014 , 1 , 21 )","54","butterfly"
"new Date( 2014 , 1 , 20 )","52","butterfly"
"new Date( 2014 , 1 , 19 )","52","butterfly"
"new Date( 2014 , 1 , 18 )","68","butterfly"
"new Date( 2014 , 1 , 17 )","64","butterfly"
"new Date( 2014 , 1 , 16 )","52","butterfly"
"new Date( 2014 , 1 , 15 )","57","butterfly"
"new Date( 2014 , 1 , 14 )","73","butterfly"
"new Date( 2014 , 1 , 13 )","69","butterfly"
"new Date( 2014 , 1 , 12 )","63","butterfly"
"new Date( 2014 , 1 , 11 )","60","butterfly"
"new Date( 2014 , 1 , 10 )","63","butterfly"
"new Date( 2014 , 1 , 9 )","66","butterfly"
"new Date( 2014 , 1 , 8 )","53","butterfly"
"new Date( 2014 , 1 , 7 )","66","butterfly"
"new Date( 2014 , 1 , 6 )","54","butterfly"
"new Date( 2014 , 1 , 5 )","56","butterfly"
"new Date( 2014 , 1 , 4 )","110","butterfly"
"new Date( 2014 , 1 , 3 )","91","butterfly"
"new Date( 2014 , 1 , 2 )","91","butterfly"
"new Date( 2014 , 1 , 1 )","91","butterfly"
"new Date( 2014 , 0 , 31 )","61","butterfly"
"new Date( 2014 , 0 , 30 )","63","butterfly"
"new Date( 2014 , 0 , 29 )","65","butterfly"
"new Date( 2014 , 0 , 28 )","89","butterfly"
"new Date( 2014 , 0 , 27 )","65","butterfly"
"new Date( 2014 , 0 , 26 )","107","butterfly"
"new Date( 2014 , 0 , 25 )","64","butterfly"
"new Date( 2014 , 0 , 24 )","72","butterfly"
"new Date( 2014 , 0 , 23 )","70","butterfly"
"new Date( 2014 , 0 , 22 )","74","butterfly"
"new Date( 2014 , 0 , 21 )","78","butterfly"
"new Date( 2014 , 0 , 20 )","83","butterfly"
"new Date( 2014 , 0 , 19 )","108","butterfly"
"new Date( 2014 , 0 , 18 )","97","butterfly"
"new Date( 2014 , 0 , 17 )","102","butterfly"
"new Date( 2014 , 0 , 16 )","130","butterfly"
"new Date( 2014 , 0 , 15 )","83","butterfly"
"new Date( 2014 , 0 , 14 )","138","butterfly"
"new Date( 2014 , 0 , 13 )","187","butterfly"
"new Date( 2014 , 0 , 12 )","48","butterfly"
"new Date( 2014 , 0 , 11 )","60","butterfly"
"new Date( 2014 , 0 , 10 )","65","butterfly"
"new Date( 2014 , 0 , 9 )","53","butterfly"
"new Date( 2014 , 0 , 8 )","54","butterfly"
"new Date( 2014 , 0 , 7 )","56","butterfly"
"new Date( 2014 , 0 , 6 )","58","butterfly"
"new Date( 2014 , 0 , 5 )","54","butterfly"
"new Date( 2014 , 0 , 4 )","53","butterfly"
"new Date( 2014 , 0 , 3 )","67","butterfly"
"new Date( 2014 , 0 , 2 )","67","butterfly"
"new Date( 2014 , 0 , 1 )","59","butterfly"
"new Date( 2013 , 11 , 31 )","60","butterfly"
"new Date( 2013 , 11 , 30 )","58","butterfly"
"new Date( 2013 , 11 , 29 )","77","butterfly"
"new Date( 2013 , 11 , 28 )","80","butterfly"
"new Date( 2013 , 11 , 27 )","58","butterfly"
"new Date( 2013 , 11 , 26 )","74","butterfly"
"new Date( 2013 , 11 , 25 )","78","butterfly"
"new Date( 2013 , 11 , 24 )","57","butterfly"
"new Date( 2013 , 11 , 23 )","70","butterfly"
"new Date( 2013 , 11 , 22 )","71","butterfly"
"new Date( 2013 , 11 , 21 )","71","butterfly"
"new Date( 2013 , 11 , 20 )","64","butterfly"
"new Date( 2013 , 11 , 19 )","58","butterfly"
"new Date( 2013 , 11 , 18 )","56","butterfly"
"new Date( 2013 , 11 , 17 )","61","butterfly"
"new Date( 2013 , 11 , 16 )","46","butterfly"
"new Date( 2013 , 11 , 15 )","74","butterfly"
"new Date( 2013 , 11 , 14 )","43","butterfly"
"new Date( 2013 , 11 , 13 )","47","butterfly"
"new Date( 2013 , 11 , 12 )","34","butterfly"
"new Date( 2013 , 11 , 11 )","48","butterfly"
"new Date( 2013 , 11 , 10 )","68","butterfly"
"new Date( 2013 , 11 , 9 )","68","butterfly"
"new Date( 2013 , 11 , 8 )","62","butterfly"
"new Date( 2013 , 11 , 7 )","65","butterfly"
"new Date( 2013 , 11 , 6 )","59","butterfly"
"new Date( 2013 , 11 , 5 )","59","butterfly"
"new Date( 2013 , 11 , 4 )","61","butterfly"
"new Date( 2013 , 11 , 3 )","55","butterfly"
"new Date( 2013 , 11 , 2 )","58","butterfly"
"new Date( 2013 , 11 , 1 )","69","butterfly"
"new Date( 2013 , 10 , 30 )","45","butterfly"
"new Date( 2013 , 10 , 29 )","71","butterfly"
"new Date( 2013 , 10 , 28 )","47","butterfly"
"new Date( 2013 , 10 , 27 )","64","butterfly"
"new Date( 2013 , 10 , 26 )","74","butterfly"
"new Date( 2013 , 10 , 25 )","76","butterfly"
"new Date( 2013 , 10 , 24 )","64","butterfly"
"new Date( 2013 , 10 , 23 )","60","butterfly"
"new Date( 2013 , 10 , 22 )","73","butterfly"
"new Date( 2013 , 10 , 21 )","55","butterfly"
"new Date( 2013 , 10 , 20 )","62","butterfly"
"new Date( 2013 , 10 , 19 )","90","butterfly"
"new Date( 2013 , 10 , 18 )","78","butterfly"
"new Date( 2013 , 10 , 17 )","195","butterfly"
"new Date( 2013 , 10 , 16 )","91","butterfly"
"new Date( 2013 , 10 , 15 )","56","butterfly"
"new Date( 2013 , 10 , 14 )","64","butterfly"
"new Date( 2013 , 10 , 13 )","80","butterfly"
"new Date( 2013 , 10 , 12 )","80","butterfly"
"new Date( 2013 , 10 , 11 )","64","butterfly"
"new Date( 2013 , 10 , 10 )","51","butterfly"
"new Date( 2013 , 10 , 9 )","58","butterfly"
"new Date( 2013 , 10 , 8 )","63","butterfly"
"new Date( 2013 , 10 , 7 )","62","butterfly"
"new Date( 2013 , 10 , 6 )","49","butterfly"
"new Date( 2013 , 10 , 5 )","79","butterfly"
"new Date( 2013 , 10 , 4 )","47","butterfly"
"new Date( 2013 , 10 , 3 )","90","butterfly"
"new Date( 2013 , 10 , 2 )","61","butterfly"
"new Date( 2013 , 10 , 1 )","60","butterfly"
"new Date( 2013 , 9 , 31 )","56","butterfly"
"new Date( 2013 , 9 , 30 )","63","butterfly"
"new Date( 2013 , 9 , 29 )","55","butterfly"
"new Date( 2013 , 9 , 28 )","58","butterfly"
"new Date( 2013 , 9 , 27 )","57","butterfly"
"new Date( 2013 , 9 , 26 )","44","butterfly"
"new Date( 2013 , 9 , 25 )","52","butterfly"
"new Date( 2013 , 6 , 11 )","53","butterfly"
"new Date( 2013 , 6 , 10 )","31","butterfly"
"new Date( 2013 , 6 , 9 )","62","butterfly"
"new Date( 2013 , 6 , 8 )","39","butterfly"
"new Date( 2013 , 6 , 7 )","54","butterfly"
"new Date( 2013 , 6 , 6 )","43","butterfly"
"new Date( 2013 , 6 , 5 )","50","butterfly"
"new Date( 2013 , 6 , 4 )","40","butterfly"
"new Date( 2013 , 6 , 3 )","46","butterfly"
"new Date( 2013 , 6 , 2 )","43","butterfly"
"new Date( 2013 , 6 , 1 )","41","butterfly"
"new Date( 2013 , 5 , 30 )","44","butterfly"
"new Date( 2013 , 5 , 29 )","48","butterfly"
"new Date( 2013 , 5 , 28 )","49","butterfly"
"new Date( 2013 , 5 , 27 )","54","butterfly"
"new Date( 2013 , 5 , 26 )","38","butterfly"
"new Date( 2013 , 5 , 25 )","56","butterfly"
"new Date( 2013 , 5 , 24 )","40","butterfly"
"new Date( 2013 , 5 , 23 )","34","butterfly"
"new Date( 2013 , 5 , 22 )","44","butterfly"
"new Date( 2013 , 5 , 21 )","40","butterfly"
"new Date( 2013 , 5 , 20 )","42","butterfly"
"new Date( 2013 , 5 , 19 )","68","butterfly"
"new Date( 2013 , 5 , 18 )","68","butterfly"
"new Date( 2013 , 5 , 17 )","41","butterfly"
"new Date( 2013 , 5 , 16 )","61","butterfly"
"new Date( 2013 , 5 , 15 )","55","butterfly"
"new Date( 2013 , 5 , 14 )","37","butterfly"
"new Date( 2013 , 5 , 13 )","36","butterfly"
"new Date( 2013 , 5 , 12 )","42","butterfly"
"new Date( 2013 , 5 , 11 )","41","butterfly"
"new Date( 2013 , 5 , 10 )","56","butterfly"
"new Date( 2013 , 5 , 9 )","36","butterfly"
"new Date( 2013 , 5 , 8 )","51","butterfly"
"new Date( 2013 , 5 , 7 )","62","butterfly"
"new Date( 2013 , 5 , 6 )","61","butterfly"
"new Date( 2013 , 5 , 5 )","44","butterfly"
"new Date( 2013 , 5 , 4 )","60","butterfly"
"new Date( 2013 , 5 , 3 )","49","butterfly"
"new Date( 2013 , 5 , 2 )","46","butterfly"
"new Date( 2013 , 5 , 1 )","46","butterfly"
"new Date( 2013 , 4 , 31 )","51","butterfly"
"new Date( 2013 , 4 , 30 )","37","butterfly"
"new Date( 2013 , 4 , 29 )","40","butterfly"
"new Date( 2013 , 4 , 28 )","34","butterfly"
"new Date( 2013 , 4 , 27 )","51","butterfly"
"new Date( 2013 , 4 , 26 )","41","butterfly"
"new Date( 2013 , 4 , 25 )","53","butterfly"
"new Date( 2013 , 4 , 24 )","129","butterfly"
"new Date( 2013 , 4 , 23 )","52","butterfly"
"new Date( 2013 , 4 , 22 )","53","butterfly"
"new Date( 2013 , 4 , 21 )","111","butterfly"
"new Date( 2013 , 4 , 20 )","77","butterfly"
"new Date( 2013 , 4 , 19 )","119","butterfly"
"new Date( 2013 , 4 , 18 )","66","butterfly"
"new Date( 2013 , 4 , 17 )","51","butterfly"
"new Date( 2013 , 4 , 16 )","66","butterfly"
"new Date( 2013 , 4 , 15 )","60","butterfly"
"new Date( 2013 , 4 , 14 )","48","butterfly"
"new Date( 2013 , 4 , 13 )","40","butterfly"
"new Date( 2013 , 4 , 12 )","67","butterfly"
"new Date( 2013 , 4 , 11 )","63","butterfly"
"new Date( 2013 , 4 , 10 )","52","butterfly"
"new Date( 2013 , 4 , 9 )","49","butterfly"
"new Date( 2013 , 4 , 8 )","38","butterfly"
"new Date( 2013 , 4 , 7 )","52","butterfly"
"new Date( 2013 , 4 , 6 )","57","butterfly"
"new Date( 2013 , 4 , 5 )","45","butterfly"
"new Date( 2013 , 4 , 4 )","39","butterfly"
"new Date( 2013 , 4 , 3 )","52","butterfly"
"new Date( 2013 , 4 , 2 )","39","butterfly"
"new Date( 2013 , 4 , 1 )","48","butterfly"
"new Date( 2013 , 3 , 30 )","53","butterfly"
"new Date( 2013 , 3 , 29 )","37","butterfly"
"new Date( 2013 , 3 , 28 )","43","butterfly"
"new Date( 2013 , 3 , 27 )","46","butterfly"
"new Date( 2013 , 3 , 26 )","33","butterfly"
"new Date( 2013 , 3 , 25 )","35","butterfly"
"new Date( 2013 , 3 , 24 )","59","butterfly"
"new Date( 2013 , 3 , 23 )","43","butterfly"
"new Date( 2013 , 3 , 22 )","60","butterfly"
"new Date( 2013 , 3 , 21 )","47","butterfly"
"new Date( 2013 , 3 , 20 )","92","butterfly"
"new Date( 2013 , 3 , 19 )","51","butterfly"
"new Date( 2013 , 3 , 18 )","57","butterfly"
"new Date( 2013 , 3 , 17 )","115","butterfly"
"new Date( 2013 , 3 , 16 )","76","butterfly"
"new Date( 2013 , 3 , 15 )","39","butterfly"
"new Date( 2013 , 3 , 14 )","51","butterfly"
"new Date( 2013 , 3 , 13 )","48","butterfly"
"new Date( 2013 , 3 , 12 )","54","butterfly"
"new Date( 2013 , 3 , 11 )","49","butterfly"
"new Date( 2013 , 3 , 10 )","58","butterfly"
"new Date( 2013 , 3 , 9 )","81","butterfly"
"new Date( 2013 , 3 , 8 )","38","butterfly"
"new Date( 2013 , 3 , 7 )","52","butterfly"
"new Date( 2013 , 3 , 6 )","58","butterfly"
"new Date( 2013 , 3 , 5 )","66","butterfly"
"new Date( 2013 , 3 , 4 )","42","butterfly"
"new Date( 2013 , 3 , 3 )","41","butterfly"
"new Date( 2013 , 3 , 2 )","57","butterfly"
"new Date( 2013 , 3 , 1 )","35","butterfly"
"new Date( 2013 , 2 , 31 )","35","butterfly"
"new Date( 2013 , 2 , 30 )","41","butterfly"
"new Date( 2013 , 2 , 29 )","54","butterfly"
"new Date( 2013 , 2 , 28 )","43","butterfly"
"new Date( 2013 , 2 , 27 )","34","butterfly"
"new Date( 2013 , 2 , 26 )","57","butterfly"
"new Date( 2013 , 2 , 25 )","56","butterfly"
"new Date( 2013 , 2 , 24 )","57","butterfly"
"new Date( 2013 , 2 , 23 )","41","butterfly"
"new Date( 2013 , 2 , 22 )","40","butterfly"
"new Date( 2013 , 2 , 21 )","33","butterfly"
"new Date( 2013 , 2 , 20 )","50","butterfly"
"new Date( 2013 , 2 , 19 )","51","butterfly"
"new Date( 2013 , 2 , 18 )","37","butterfly"
"new Date( 2013 , 2 , 17 )","32","butterfly"
"new Date( 2013 , 2 , 16 )","41","butterfly"
"new Date( 2013 , 2 , 15 )","52","butterfly"
"new Date( 2013 , 2 , 14 )","30","butterfly"
"new Date( 2013 , 2 , 13 )","48","butterfly"
"new Date( 2013 , 2 , 12 )","53","butterfly"
"new Date( 2013 , 2 , 11 )","60","butterfly"
"new Date( 2013 , 2 , 10 )","39","butterfly"
"new Date( 2013 , 2 , 9 )","36","butterfly"
"new Date( 2013 , 2 , 8 )","28","butterfly"
"new Date( 2013 , 2 , 7 )","28","butterfly"
"new Date( 2013 , 2 , 6 )","74","butterfly"
"new Date( 2013 , 2 , 5 )","42","butterfly"
"new Date( 2013 , 2 , 4 )","40","butterfly"
"new Date( 2013 , 2 , 3 )","47","butterfly"
"new Date( 2013 , 2 , 2 )","48","butterfly"
"new Date( 2013 , 2 , 1 )","44","butterfly"
"new Date( 2013 , 1 , 28 )","38","butterfly"
"new Date( 2013 , 1 , 27 )","51","butterfly"
"new Date( 2013 , 1 , 26 )","46","butterfly"
"new Date( 2013 , 1 , 25 )","61","butterfly"
"new Date( 2013 , 1 , 24 )","45","butterfly"
"new Date( 2013 , 1 , 23 )","53","butterfly"
"new Date( 2013 , 1 , 22 )","40","butterfly"
"new Date( 2013 , 1 , 21 )","41","butterfly"
"new Date( 2013 , 1 , 20 )","53","butterfly"
"new Date( 2013 , 1 , 19 )","51","butterfly"
"new Date( 2013 , 1 , 18 )","62","butterfly"
"new Date( 2013 , 1 , 17 )","52","butterfly"
"new Date( 2013 , 1 , 16 )","56","butterfly"
"new Date( 2013 , 1 , 15 )","55","butterfly"
"new Date( 2013 , 1 , 14 )","70","butterfly"
"new Date( 2013 , 1 , 13 )","69","butterfly"
"new Date( 2013 , 1 , 12 )","54","butterfly"
"new Date( 2013 , 1 , 11 )","42","butterfly"
"new Date( 2013 , 1 , 10 )","84","butterfly"
"new Date( 2013 , 1 , 9 )","85","butterfly"
"new Date( 2013 , 1 , 8 )","154","butterfly"
"new Date( 2013 , 1 , 7 )","132","butterfly"
"new Date( 2013 , 1 , 6 )","304","butterfly"
"new Date( 2013 , 1 , 5 )","43","butterfly"
"new Date( 2013 , 1 , 4 )","50","butterfly"
"new Date( 2013 , 1 , 3 )","49","butterfly"
"new Date( 2013 , 1 , 2 )","62","butterfly"
"new Date( 2013 , 1 , 1 )","46","butterfly"
"new Date( 2013 , 0 , 31 )","67","butterfly"
"new Date( 2013 , 0 , 30 )","55","butterfly"
"new Date( 2013 , 0 , 29 )","42","butterfly"
"new Date( 2013 , 0 , 28 )","33","butterfly"
"new Date( 2013 , 0 , 27 )","44","butterfly"
"new Date( 2013 , 0 , 26 )","32","butterfly"
"new Date( 2013 , 0 , 25 )","42","butterfly"
"new Date( 2013 , 0 , 24 )","45","butterfly"
"new Date( 2013 , 0 , 23 )","42","butterfly"
"new Date( 2013 , 0 , 22 )","56","butterfly"
"new Date( 2013 , 0 , 21 )","65","butterfly"
"new Date( 2013 , 0 , 20 )","54","butterfly"
"new Date( 2013 , 0 , 19 )","47","butterfly"
"new Date( 2013 , 0 , 18 )","47","butterfly"
"new Date( 2013 , 0 , 17 )","36","butterfly"
"new Date( 2013 , 0 , 16 )","51","butterfly"
"new Date( 2013 , 0 , 15 )","43","butterfly"
"new Date( 2013 , 0 , 14 )","52","butterfly"
"new Date( 2013 , 0 , 13 )","58","butterfly"
"new Date( 2013 , 0 , 12 )","80","butterfly"
"new Date( 2013 , 0 , 11 )","54","butterfly"
"new Date( 2013 , 0 , 10 )","68","butterfly"
"new Date( 2013 , 0 , 9 )","81","butterfly"
"new Date( 2013 , 0 , 8 )","59","butterfly"
"new Date( 2013 , 0 , 7 )","49","butterfly"
"new Date( 2013 , 0 , 6 )","75","butterfly"
"new Date( 2013 , 0 , 5 )","130","butterfly"
"new Date( 2013 , 0 , 4 )","39","butterfly"
"new Date( 2013 , 0 , 3 )","50","butterfly"
"new Date( 2013 , 0 , 2 )","43","butterfly"
"new Date( 2013 , 0 , 1 )","39","butterfly"
"new Date( 2012 , 11 , 31 )","42","butterfly"
"new Date( 2012 , 11 , 30 )","56","butterfly"
"new Date( 2012 , 11 , 29 )","52","butterfly"
"new Date( 2012 , 11 , 28 )","45","butterfly"
"new Date( 2012 , 11 , 27 )","52","butterfly"
"new Date( 2012 , 11 , 26 )","39","butterfly"
"new Date( 2012 , 11 , 25 )","34","butterfly"
"new Date( 2012 , 11 , 24 )","43","butterfly"
"new Date( 2012 , 11 , 23 )","47","butterfly"
"new Date( 2012 , 11 , 22 )","51","butterfly"
"new Date( 2012 , 11 , 21 )","33","butterfly"
"new Date( 2012 , 11 , 20 )","34","butterfly"
"new Date( 2012 , 11 , 19 )","51","butterfly"
"new Date( 2012 , 11 , 18 )","39","butterfly"
"new Date( 2012 , 11 , 17 )","40","butterfly"
"new Date( 2012 , 11 , 16 )","49","butterfly"
"new Date( 2012 , 11 , 15 )","49","butterfly"
"new Date( 2012 , 11 , 14 )","53","butterfly"
"new Date( 2012 , 11 , 13 )","40","butterfly"
"new Date( 2012 , 11 , 12 )","40","butterfly"
"new Date( 2012 , 11 , 11 )","48","butterfly"
"new Date( 2012 , 11 , 10 )","45","butterfly"
"new Date( 2012 , 11 , 9 )","64","butterfly"
"new Date( 2012 , 11 , 8 )","65","butterfly"
"new Date( 2012 , 11 , 7 )","106","butterfly"
"new Date( 2012 , 11 , 6 )","48","butterfly"
"new Date( 2012 , 11 , 5 )","37","butterfly"
"new Date( 2012 , 11 , 4 )","56","butterfly"
"new Date( 2012 , 11 , 3 )","48","butterfly"
"new Date( 2012 , 11 , 2 )","48","butterfly"
"new Date( 2012 , 11 , 1 )","35","butterfly"
"new Date( 2012 , 10 , 30 )","45","butterfly"
"new Date( 2012 , 10 , 29 )","39","butterfly"
"new Date( 2012 , 10 , 28 )","51","butterfly"
"new Date( 2012 , 10 , 27 )","49","butterfly"
"new Date( 2012 , 10 , 26 )","56","butterfly"
"new Date( 2012 , 10 , 25 )","39","butterfly"
"new Date( 2012 , 10 , 24 )","43","butterfly"
"new Date( 2012 , 10 , 23 )","37","butterfly"
"new Date( 2012 , 10 , 22 )","41","butterfly"
"new Date( 2012 , 10 , 21 )","46","butterfly"
"new Date( 2012 , 10 , 20 )","45","butterfly"
"new Date( 2012 , 10 , 19 )","78","butterfly"
"new Date( 2012 , 10 , 18 )","48","butterfly"
"new Date( 2012 , 10 , 17 )","45","butterfly"
"new Date( 2012 , 10 , 16 )","38","butterfly"
"new Date( 2012 , 10 , 15 )","56","butterfly"
"new Date( 2012 , 10 , 14 )","47","butterfly"
"new Date( 2012 , 10 , 13 )","69","butterfly"
"new Date( 2012 , 10 , 12 )","85","butterfly"
"new Date( 2012 , 10 , 11 )","79","butterfly"
"new Date( 2012 , 10 , 10 )","50","butterfly"
"new Date( 2012 , 10 , 9 )","55","butterfly"
"new Date( 2012 , 10 , 8 )","61","butterfly"
"new Date( 2012 , 10 , 7 )","62","butterfly"
"new Date( 2012 , 10 , 6 )","42","butterfly"
"new Date( 2012 , 10 , 5 )","41","butterfly"
"new Date( 2012 , 10 , 4 )","55","butterfly"
"new Date( 2012 , 10 , 3 )","48","butterfly"
"new Date( 2012 , 10 , 2 )","51","butterfly"
"new Date( 2012 , 10 , 1 )","56","butterfly"
"new Date( 2012 , 9 , 31 )","36","butterfly"
"new Date( 2012 , 9 , 30 )","74","butterfly"
"new Date( 2012 , 9 , 29 )","74","butterfly"
"new Date( 2012 , 9 , 28 )","166","butterfly"
"new Date( 2012 , 9 , 27 )","50","butterfly"
"new Date( 2012 , 9 , 26 )","34","butterfly"
"new Date( 2012 , 9 , 25 )","44","butterfly"
"new Date( 2012 , 9 , 24 )","37","butterfly"
"new Date( 2012 , 9 , 23 )","38","butterfly"
"new Date( 2012 , 9 , 22 )","50","butterfly"
"new Date( 2012 , 9 , 21 )","59","butterfly"
"new Date( 2012 , 9 , 20 )","40","butterfly"
"new Date( 2012 , 9 , 19 )","55","butterfly"
"new Date( 2012 , 9 , 18 )","34","butterfly"
"new Date( 2012 , 9 , 17 )","45","butterfly"
"new Date( 2012 , 9 , 16 )","38","butterfly"
"new Date( 2012 , 9 , 15 )","42","butterfly"
"new Date( 2012 , 9 , 14 )","52","butterfly"
"new Date( 2012 , 9 , 13 )","42","butterfly"
"new Date( 2012 , 9 , 12 )","43","butterfly"
"new Date( 2012 , 9 , 11 )","51","butterfly"
"new Date( 2012 , 9 , 10 )","34","butterfly"
"new Date( 2012 , 9 , 9 )","49","butterfly"
"new Date( 2012 , 9 , 8 )","48","butterfly"
"new Date( 2012 , 9 , 7 )","47","butterfly"
"new Date( 2012 , 9 , 6 )","44","butterfly"
"new Date( 2012 , 9 , 5 )","77","butterfly"
"new Date( 2012 , 9 , 4 )","45","butterfly"
"new Date( 2012 , 9 , 3 )","64","butterfly"
"new Date( 2012 , 9 , 2 )","71","butterfly"
"new Date( 2012 , 9 , 1 )","60","butterfly"
"new Date( 2012 , 8 , 30 )","49","butterfly"
"new Date( 2012 , 8 , 29 )","66","butterfly"
"new Date( 2012 , 8 , 28 )","77","butterfly"
"new Date( 2012 , 8 , 27 )","125","butterfly"
"new Date( 2012 , 8 , 26 )","59","butterfly"
"new Date( 2012 , 8 , 25 )","68","butterfly"
"new Date( 2012 , 8 , 24 )","83","butterfly"
"new Date( 2012 , 8 , 23 )","98","butterfly"
"new Date( 2012 , 8 , 22 )","69","butterfly"
"new Date( 2012 , 8 , 21 )","53","butterfly"
"new Date( 2012 , 8 , 20 )","43","butterfly"
"new Date( 2012 , 8 , 19 )","38","butterfly"
"new Date( 2012 , 8 , 18 )","57","butterfly"
"new Date( 2012 , 8 , 17 )","43","butterfly"
"new Date( 2012 , 8 , 16 )","82","butterfly"
"new Date( 2012 , 8 , 15 )","54","butterfly"
"new Date( 2012 , 8 , 14 )","45","butterfly"
"new Date( 2012 , 8 , 13 )","58","butterfly"
"new Date( 2012 , 8 , 12 )","55","butterfly"
"new Date( 2012 , 8 , 11 )","67","butterfly"
"new Date( 2012 , 8 , 10 )","61","butterfly"
"new Date( 2012 , 8 , 9 )","52","butterfly"
"new Date( 2012 , 8 , 8 )","77","butterfly"
"new Date( 2012 , 8 , 7 )","69","butterfly"
"new Date( 2012 , 8 , 6 )","86","butterfly"
"new Date( 2012 , 8 , 5 )","101","butterfly"
"new Date( 2012 , 8 , 4 )","116","butterfly"
"new Date( 2012 , 8 , 3 )","83","butterfly"
"new Date( 2012 , 8 , 2 )","77","butterfly"
"new Date( 2012 , 8 , 1 )","124","butterfly"
"new Date( 2012 , 7 , 31 )","175","butterfly"
"new Date( 2012 , 7 , 30 )","120","butterfly"
"new Date( 2012 , 7 , 29 )","75","butterfly"
"new Date( 2012 , 7 , 28 )","71","butterfly"
"new Date( 2012 , 7 , 27 )","121","butterfly"
"new Date( 2012 , 7 , 26 )","152","butterfly"
"new Date( 2012 , 7 , 25 )","39","butterfly"
"new Date( 2012 , 7 , 24 )","38","butterfly"
"new Date( 2012 , 7 , 23 )","28","butterfly"
"new Date( 2012 , 7 , 22 )","30","butterfly"
"new Date( 2012 , 7 , 21 )","34","butterfly"
"new Date( 2012 , 7 , 20 )","42","butterfly"
"new Date( 2012 , 7 , 19 )","47","butterfly"
"new Date( 2012 , 7 , 18 )","49","butterfly"
"new Date( 2012 , 7 , 17 )","36","butterfly"
"new Date( 2012 , 7 , 16 )","35","butterfly"
"new Date( 2012 , 7 , 15 )","54","butterfly"
"new Date( 2012 , 7 , 14 )","45","butterfly"
"new Date( 2012 , 7 , 13 )","36","butterfly"
"new Date( 2012 , 7 , 12 )","43","butterfly"
"new Date( 2012 , 7 , 11 )","60","butterfly"
"new Date( 2012 , 7 , 10 )","38","butterfly"
"new Date( 2012 , 7 , 9 )","45","butterfly"
"new Date( 2012 , 7 , 8 )","43","butterfly"
"new Date( 2012 , 7 , 7 )","57","butterfly"
"new Date( 2012 , 7 , 6 )","51","butterfly"
"new Date( 2012 , 7 , 5 )","35","butterfly"
"new Date( 2012 , 7 , 4 )","47","butterfly"
"new Date( 2012 , 7 , 3 )","70","butterfly"
"new Date( 2012 , 7 , 2 )","59","butterfly"
"new Date( 2012 , 7 , 1 )","35","butterfly"
"new Date( 2012 , 6 , 31 )","54","butterfly"
"new Date( 2012 , 6 , 30 )","39","butterfly"
"new Date( 2012 , 6 , 29 )","50","butterfly"
"new Date( 2012 , 6 , 28 )","54","butterfly"
"new Date( 2012 , 6 , 27 )","39","butterfly"
"new Date( 2012 , 6 , 26 )","37","butterfly"
"new Date( 2012 , 6 , 25 )","36","butterfly"
"new Date( 2012 , 6 , 24 )","48","butterfly"
"new Date( 2012 , 6 , 23 )","40","butterfly"
"new Date( 2012 , 6 , 22 )","44","butterfly"
"new Date( 2012 , 6 , 21 )","49","butterfly"
"new Date( 2012 , 6 , 20 )","42","butterfly"
"new Date( 2012 , 6 , 19 )","28","butterfly"
"new Date( 2012 , 6 , 18 )","43","butterfly"
"new Date( 2012 , 6 , 17 )","56","butterfly"
"new Date( 2012 , 6 , 16 )","31","butterfly"
"new Date( 2012 , 6 , 15 )","40","butterfly"
"new Date( 2012 , 6 , 14 )","48","butterfly"
"new Date( 2012 , 6 , 13 )","42","butterfly"
"new Date( 2012 , 6 , 12 )","61","butterfly"
"new Date( 2012 , 6 , 11 )","46","butterfly"
"new Date( 2012 , 6 , 10 )","43","butterfly"
"new Date( 2012 , 6 , 9 )","40","butterfly"
"new Date( 2012 , 6 , 8 )","45","butterfly"
"new Date( 2012 , 6 , 7 )","51","butterfly"
"new Date( 2012 , 6 , 6 )","29","butterfly"
"new Date( 2012 , 6 , 5 )","38","butterfly"
"new Date( 2012 , 6 , 4 )","58","butterfly"
"new Date( 2012 , 6 , 3 )","44","butterfly"
"new Date( 2012 , 6 , 2 )","50","butterfly"
"new Date( 2012 , 6 , 1 )","50","butterfly"
"new Date( 2012 , 5 , 30 )","43","butterfly"
"new Date( 2012 , 5 , 29 )","39","butterfly"
"new Date( 2012 , 5 , 28 )","35","butterfly"
"new Date( 2012 , 5 , 27 )","51","butterfly"
"new Date( 2012 , 5 , 26 )","46","butterfly"
"new Date( 2012 , 5 , 25 )","33","butterfly"
"new Date( 2012 , 5 , 24 )","49","butterfly"
"new Date( 2012 , 5 , 23 )","49","butterfly"
"new Date( 2012 , 5 , 22 )","49","butterfly"
"new Date( 2012 , 5 , 21 )","49","butterfly"
"new Date( 2012 , 5 , 20 )","28","butterfly"
"new Date( 2012 , 5 , 19 )","57","butterfly"
"new Date( 2012 , 5 , 18 )","51","butterfly"
"new Date( 2012 , 5 , 17 )","46","butterfly"
"new Date( 2012 , 5 , 16 )","45","butterfly"
"new Date( 2012 , 5 , 15 )","49","butterfly"
"new Date( 2012 , 5 , 14 )","48","butterfly"
"new Date( 2012 , 5 , 13 )","33","butterfly"
"new Date( 2012 , 5 , 12 )","45","butterfly"
"new Date( 2012 , 5 , 11 )","42","butterfly"
"new Date( 2012 , 5 , 10 )","44","butterfly"
"new Date( 2012 , 5 , 9 )","44","butterfly"
"new Date( 2012 , 5 , 8 )","39","butterfly"
"new Date( 2012 , 5 , 7 )","49","butterfly"
"new Date( 2012 , 5 , 6 )","53","butterfly"
"new Date( 2012 , 5 , 5 )","59","butterfly"
"new Date( 2012 , 5 , 4 )","46","butterfly"
"new Date( 2012 , 5 , 3 )","46","butterfly"
"new Date( 2012 , 5 , 2 )","40","butterfly"
"new Date( 2012 , 5 , 1 )","36","butterfly"
"new Date( 2012 , 4 , 31 )","38","butterfly"
"new Date( 2012 , 4 , 30 )","50","butterfly"
"new Date( 2012 , 4 , 29 )","51","butterfly"
"new Date( 2012 , 4 , 28 )","43","butterfly"
"new Date( 2012 , 4 , 27 )","67","butterfly"
"new Date( 2012 , 4 , 26 )","40","butterfly"
"new Date( 2012 , 4 , 25 )","44","butterfly"
"new Date( 2012 , 4 , 24 )","52","butterfly"
"new Date( 2012 , 4 , 23 )","55","butterfly"
"new Date( 2012 , 4 , 22 )","42","butterfly"
"new Date( 2012 , 4 , 21 )","49","butterfly"
"new Date( 2012 , 4 , 20 )","70","butterfly"
"new Date( 2012 , 4 , 19 )","58","butterfly"
"new Date( 2012 , 4 , 18 )","50","butterfly"
"new Date( 2012 , 4 , 17 )","41","butterfly"
"new Date( 2012 , 4 , 16 )","31","butterfly"
"new Date( 2012 , 4 , 15 )","47","butterfly"
"new Date( 2012 , 4 , 14 )","31","butterfly"
"new Date( 2012 , 4 , 13 )","41","butterfly"
"new Date( 2012 , 4 , 12 )","37","butterfly"
"new Date( 2012 , 4 , 11 )","53","butterfly"
"new Date( 2012 , 4 , 10 )","45","butterfly"
"new Date( 2012 , 4 , 9 )","48","butterfly"
"new Date( 2012 , 4 , 8 )","45","butterfly"
"new Date( 2012 , 4 , 7 )","49","butterfly"
"new Date( 2012 , 4 , 6 )","48","butterfly"
"new Date( 2012 , 4 , 5 )","58","butterfly"
"new Date( 2012 , 4 , 4 )","47","butterfly"
"new Date( 2012 , 4 , 3 )","43","butterfly"
"new Date( 2012 , 4 , 2 )","55","butterfly"
"new Date( 2012 , 4 , 1 )","67","butterfly"
"new Date( 2012 , 3 , 30 )","40","butterfly"
"new Date( 2012 , 3 , 29 )","58","butterfly"
"new Date( 2012 , 3 , 28 )","44","butterfly"
"new Date( 2012 , 3 , 27 )","55","butterfly"
"new Date( 2012 , 3 , 26 )","34","butterfly"
"new Date( 2012 , 3 , 25 )","63","butterfly"
"new Date( 2012 , 3 , 24 )","68","butterfly"
"new Date( 2012 , 3 , 23 )","51","butterfly"
"new Date( 2012 , 3 , 22 )","59","butterfly"
"new Date( 2012 , 3 , 21 )","71","butterfly"
"new Date( 2012 , 3 , 20 )","64","butterfly"
"new Date( 2012 , 3 , 19 )","51","butterfly"
"new Date( 2012 , 3 , 18 )","54","butterfly"
"new Date( 2012 , 3 , 17 )","63","butterfly"
"new Date( 2012 , 3 , 16 )","63","butterfly"
"new Date( 2012 , 3 , 15 )","60","butterfly"
"new Date( 2012 , 3 , 14 )","99","butterfly"
"new Date( 2012 , 3 , 13 )","100","butterfly"
"new Date( 2012 , 3 , 12 )","124","butterfly"
"new Date( 2012 , 3 , 11 )","207","butterfly"
"new Date( 2012 , 3 , 10 )","40","butterfly"
"new Date( 2012 , 3 , 9 )","37","butterfly"
"new Date( 2012 , 3 , 8 )","51","butterfly"
"new Date( 2012 , 3 , 7 )","34","butterfly"
"new Date( 2012 , 3 , 6 )","56","butterfly"
"new Date( 2012 , 3 , 5 )","37","butterfly"
"new Date( 2012 , 3 , 4 )","47","butterfly"
"new Date( 2012 , 3 , 3 )","52","butterfly"
"new Date( 2012 , 3 , 2 )","50","butterfly"
"new Date( 2012 , 3 , 1 )","54","butterfly"
"new Date( 2012 , 2 , 31 )","59","butterfly"
"new Date( 2012 , 2 , 30 )","60","butterfly"
"new Date( 2012 , 2 , 29 )","45","butterfly"
"new Date( 2012 , 2 , 28 )","46","butterfly"
"new Date( 2012 , 2 , 27 )","38","butterfly"
"new Date( 2012 , 2 , 26 )","56","butterfly"
"new Date( 2012 , 2 , 25 )","66","butterfly"
"new Date( 2012 , 2 , 24 )","43","butterfly"
"new Date( 2012 , 2 , 23 )","45","butterfly"
"new Date( 2012 , 2 , 22 )","39","butterfly"
"new Date( 2012 , 2 , 21 )","62","butterfly"
"new Date( 2012 , 2 , 20 )","59","butterfly"
"new Date( 2012 , 2 , 19 )","44","butterfly"
"new Date( 2012 , 2 , 18 )","47","butterfly"
"new Date( 2012 , 2 , 17 )","50","butterfly"
"new Date( 2012 , 2 , 16 )","46","butterfly"
"new Date( 2012 , 2 , 15 )","52","butterfly"
"new Date( 2012 , 2 , 14 )","82","butterfly"
"new Date( 2012 , 2 , 13 )","42","butterfly"
"new Date( 2012 , 2 , 12 )","39","butterfly"
"new Date( 2012 , 2 , 11 )","48","butterfly"
"new Date( 2012 , 2 , 10 )","65","butterfly"
"new Date( 2012 , 2 , 9 )","50","butterfly"
"new Date( 2012 , 2 , 8 )","54","butterfly"
"new Date( 2012 , 2 , 7 )","50","butterfly"
"new Date( 2012 , 2 , 6 )","41","butterfly"
"new Date( 2012 , 2 , 5 )","51","butterfly"
"new Date( 2012 , 2 , 4 )","46","butterfly"
"new Date( 2012 , 2 , 3 )","47","butterfly"
"new Date( 2012 , 2 , 2 )","46","butterfly"
"new Date( 2012 , 2 , 1 )","45","butterfly"
"new Date( 2012 , 1 , 29 )","61","butterfly"
"new Date( 2012 , 1 , 28 )","45","butterfly"
"new Date( 2012 , 1 , 27 )","57","butterfly"
"new Date( 2012 , 1 , 26 )","89","butterfly"
"new Date( 2012 , 1 , 25 )","38","butterfly"
"new Date( 2012 , 1 , 24 )","53","butterfly"
"new Date( 2012 , 1 , 23 )","41","butterfly"
"new Date( 2012 , 1 , 22 )","52","butterfly"
"new Date( 2012 , 1 , 21 )","33","butterfly"
"new Date( 2012 , 1 , 20 )","45","butterfly"
"new Date( 2012 , 1 , 19 )","31","butterfly"
"new Date( 2012 , 1 , 18 )","53","butterfly"
"new Date( 2012 , 1 , 17 )","41","butterfly"
"new Date( 2012 , 1 , 16 )","34","butterfly"
"new Date( 2012 , 1 , 15 )","42","butterfly"
"new Date( 2012 , 1 , 14 )","58","butterfly"
"new Date( 2012 , 1 , 13 )","42","butterfly"
"new Date( 2012 , 1 , 12 )","43","butterfly"
"new Date( 2012 , 1 , 11 )","36","butterfly"
"new Date( 2012 , 1 , 10 )","50","butterfly"
"new Date( 2012 , 1 , 9 )","49","butterfly"
"new Date( 2012 , 1 , 8 )","48","butterfly"
"new Date( 2012 , 1 , 7 )","50","butterfly"
"new Date( 2012 , 1 , 6 )","51","butterfly"
"new Date( 2012 , 1 , 5 )","62","butterfly"
"new Date( 2012 , 1 , 4 )","67","butterfly"
"new Date( 2012 , 1 , 3 )","67","butterfly"
"new Date( 2012 , 1 , 2 )","118","butterfly"
"new Date( 2012 , 1 , 1 )","45","butterfly"
"new Date( 2012 , 0 , 31 )","38","butterfly"
"new Date( 2012 , 0 , 30 )","43","butterfly"
"new Date( 2012 , 0 , 29 )","46","butterfly"
"new Date( 2012 , 0 , 28 )","55","butterfly"
"new Date( 2012 , 0 , 27 )","48","butterfly"
"new Date( 2012 , 0 , 26 )","44","butterfly"
"new Date( 2012 , 0 , 25 )","46","butterfly"
"new Date( 2012 , 0 , 24 )","48","butterfly"
"new Date( 2012 , 0 , 23 )","42","butterfly"
"new Date( 2012 , 0 , 22 )","48","butterfly"
"new Date( 2012 , 0 , 21 )","46","butterfly"
"new Date( 2012 , 0 , 20 )","37","butterfly"
"new Date( 2012 , 0 , 19 )","74","butterfly"
"new Date( 2012 , 0 , 18 )","41","butterfly"
"new Date( 2012 , 0 , 17 )","31","butterfly"
"new Date( 2012 , 0 , 16 )","43","butterfly"
"new Date( 2012 , 0 , 15 )","46","butterfly"
"new Date( 2012 , 0 , 14 )","51","butterfly"
"new Date( 2012 , 0 , 13 )","54","butterfly"
"new Date( 2012 , 0 , 12 )","45","butterfly"
"new Date( 2012 , 0 , 11 )","36","butterfly"
"new Date( 2012 , 0 , 10 )","46","butterfly"
"new Date( 2012 , 0 , 9 )","43","butterfly"
"new Date( 2012 , 0 , 8 )","51","butterfly"
"new Date( 2012 , 0 , 7 )","55","butterfly"
"new Date( 2012 , 0 , 6 )","51","butterfly"
"new Date( 2012 , 0 , 5 )","49","butterfly"
"new Date( 2012 , 0 , 4 )","57","butterfly"
"new Date( 2012 , 0 , 3 )","32","butterfly"
"new Date( 2012 , 0 , 2 )","37","butterfly"
"new Date( 2012 , 0 , 1 )","57","butterfly"
"new Date( 2011 , 11 , 31 )","33","butterfly"
"new Date( 2011 , 11 , 30 )","53","butterfly"
"new Date( 2011 , 11 , 29 )","35","butterfly"
"new Date( 2011 , 11 , 28 )","53","butterfly"
"new Date( 2011 , 11 , 27 )","49","butterfly"
"new Date( 2011 , 11 , 26 )","44","butterfly"
"new Date( 2011 , 11 , 25 )","39","butterfly"
"new Date( 2011 , 11 , 24 )","35","butterfly"
"new Date( 2011 , 11 , 23 )","61","butterfly"
"new Date( 2011 , 11 , 22 )","33","butterfly"
"new Date( 2011 , 11 , 21 )","40","butterfly"
"new Date( 2011 , 11 , 20 )","40","butterfly"
"new Date( 2011 , 11 , 19 )","33","butterfly"
"new Date( 2011 , 11 , 18 )","36","butterfly"
"new Date( 2011 , 11 , 17 )","70","butterfly"
"new Date( 2011 , 11 , 16 )","42","butterfly"
"new Date( 2011 , 11 , 15 )","44","butterfly"
"new Date( 2011 , 11 , 14 )","37","butterfly"
"new Date( 2011 , 11 , 13 )","36","butterfly"
"new Date( 2011 , 11 , 12 )","39","butterfly"
"new Date( 2011 , 11 , 11 )","54","butterfly"
"new Date( 2011 , 11 , 10 )","38","butterfly"
"new Date( 2011 , 11 , 9 )","38","butterfly"
"new Date( 2011 , 11 , 8 )","42","butterfly"
"new Date( 2011 , 11 , 7 )","43","butterfly"
"new Date( 2011 , 11 , 6 )","34","butterfly"
"new Date( 2011 , 11 , 5 )","45","butterfly"
"new Date( 2011 , 11 , 4 )","46","butterfly"
"new Date( 2011 , 11 , 3 )","47","butterfly"
"new Date( 2011 , 11 , 2 )","44","butterfly"
"new Date( 2011 , 11 , 1 )","42","butterfly"
"new Date( 2011 , 10 , 30 )","40","butterfly"
"new Date( 2011 , 10 , 29 )","54","butterfly"
"new Date( 2011 , 10 , 28 )","80","butterfly"
"new Date( 2011 , 10 , 27 )","47","butterfly"
"new Date( 2011 , 10 , 26 )","45","butterfly"
"new Date( 2011 , 10 , 25 )","41","butterfly"
"new Date( 2011 , 10 , 24 )","51","butterfly"
"new Date( 2011 , 10 , 23 )","34","butterfly"
"new Date( 2011 , 10 , 22 )","52","butterfly"
"new Date( 2011 , 10 , 21 )","56","butterfly"
"new Date( 2011 , 10 , 20 )","54","butterfly"
"new Date( 2011 , 10 , 19 )","50","butterfly"
"new Date( 2011 , 10 , 18 )","95","butterfly"
"new Date( 2011 , 10 , 17 )","49","butterfly"
"new Date( 2011 , 10 , 16 )","55","butterfly"
"new Date( 2011 , 10 , 15 )","37","butterfly"
"new Date( 2011 , 10 , 14 )","43","butterfly"
"new Date( 2011 , 10 , 13 )","85","butterfly"
"new Date( 2011 , 10 , 12 )","59","butterfly"
"new Date( 2011 , 10 , 11 )","31","butterfly"
"new Date( 2011 , 10 , 10 )","32","butterfly"
"new Date( 2011 , 10 , 9 )","49","butterfly"
"new Date( 2011 , 10 , 8 )","57","butterfly"
"new Date( 2011 , 10 , 7 )","74","butterfly"
"new Date( 2011 , 10 , 6 )","83","butterfly"
"new Date( 2011 , 10 , 5 )","60","butterfly"
"new Date( 2011 , 10 , 4 )","47","butterfly"
"new Date( 2011 , 10 , 3 )","38","butterfly"
"new Date( 2011 , 10 , 2 )","49","butterfly"
"new Date( 2011 , 10 , 1 )","44","butterfly"
"new Date( 2011 , 9 , 31 )","36","butterfly"
"new Date( 2011 , 9 , 30 )","50","butterfly"
"new Date( 2011 , 9 , 29 )","49","butterfly"
"new Date( 2011 , 9 , 28 )","61","butterfly"
"new Date( 2011 , 9 , 27 )","52","butterfly"
"new Date( 2011 , 9 , 26 )","51","butterfly"
"new Date( 2011 , 9 , 25 )","60","butterfly"
"new Date( 2011 , 9 , 24 )","52","butterfly"
"new Date( 2011 , 9 , 23 )","95","butterfly"
"new Date( 2011 , 9 , 22 )","55","butterfly"
"new Date( 2011 , 9 , 21 )","54","butterfly"
"new Date( 2011 , 9 , 20 )","44","butterfly"
"new Date( 2011 , 9 , 19 )","51","butterfly"
"new Date( 2011 , 9 , 18 )","35","butterfly"
"new Date( 2011 , 9 , 17 )","55","butterfly"
"new Date( 2011 , 9 , 16 )","50","butterfly"
"new Date( 2011 , 9 , 15 )","39","butterfly"
"new Date( 2011 , 9 , 14 )","47","butterfly"
"new Date( 2011 , 9 , 13 )","43","butterfly"
"new Date( 2011 , 9 , 12 )","28","butterfly"
"new Date( 2011 , 9 , 11 )","54","butterfly"
"new Date( 2011 , 9 , 10 )","47","butterfly"
"new Date( 2011 , 9 , 9 )","46","butterfly"
"new Date( 2011 , 9 , 8 )","43","butterfly"
"new Date( 2011 , 9 , 7 )","47","butterfly"
"new Date( 2011 , 9 , 6 )","63","butterfly"
"new Date( 2011 , 9 , 5 )","55","butterfly"
"new Date( 2011 , 9 , 4 )","42","butterfly"
"new Date( 2011 , 9 , 3 )","32","butterfly"
"new Date( 2011 , 9 , 2 )","37","butterfly"
"new Date( 2011 , 9 , 1 )","43","butterfly"
"new Date( 2011 , 8 , 30 )","44","butterfly"
"new Date( 2011 , 8 , 29 )","43","butterfly"
"new Date( 2011 , 8 , 28 )","51","butterfly"
"new Date( 2011 , 8 , 27 )","55","butterfly"
"new Date( 2011 , 8 , 26 )","37","butterfly"
"new Date( 2011 , 8 , 25 )","54","butterfly"
"new Date( 2011 , 8 , 24 )","35","butterfly"
"new Date( 2011 , 8 , 23 )","57","butterfly"
"new Date( 2011 , 8 , 22 )","52","butterfly"
"new Date( 2011 , 8 , 21 )","39","butterfly"
"new Date( 2011 , 8 , 20 )","42","butterfly"
"new Date( 2011 , 8 , 19 )","35","butterfly"
"new Date( 2011 , 8 , 18 )","48","butterfly"
"new Date( 2011 , 8 , 17 )","61","butterfly"
"new Date( 2011 , 8 , 16 )","61","butterfly"
"new Date( 2011 , 8 , 15 )","57","butterfly"
"new Date( 2011 , 8 , 14 )","43","butterfly"
"new Date( 2011 , 8 , 13 )","44","butterfly"
"new Date( 2011 , 8 , 12 )","51","butterfly"
"new Date( 2011 , 8 , 11 )","39","butterfly"
"new Date( 2011 , 8 , 10 )","54","butterfly"
"new Date( 2011 , 8 , 9 )","49","butterfly"
"new Date( 2011 , 8 , 8 )","46","butterfly"
"new Date( 2011 , 8 , 7 )","43","butterfly"
"new Date( 2011 , 8 , 6 )","51","butterfly"
"new Date( 2011 , 8 , 5 )","59","butterfly"
"new Date( 2011 , 8 , 4 )","65","butterfly"
"new Date( 2011 , 8 , 3 )","77","butterfly"
"new Date( 2011 , 8 , 2 )","108","butterfly"
"new Date( 2011 , 8 , 1 )","40","butterfly"
"new Date( 2011 , 7 , 31 )","63","butterfly"
"new Date( 2011 , 7 , 30 )","50","butterfly"
"new Date( 2011 , 7 , 29 )","51","butterfly"
"new Date( 2011 , 7 , 28 )","39","butterfly"
"new Date( 2011 , 7 , 27 )","75","butterfly"
"new Date( 2011 , 7 , 26 )","42","butterfly"
"new Date( 2011 , 7 , 25 )","57","butterfly"
"new Date( 2011 , 7 , 24 )","64","butterfly"
"new Date( 2011 , 7 , 23 )","53","butterfly"
"new Date( 2011 , 7 , 22 )","57","butterfly"
"new Date( 2011 , 7 , 21 )","66","butterfly"
"new Date( 2011 , 7 , 20 )","85","butterfly"
"new Date( 2011 , 7 , 19 )","43","butterfly"
"new Date( 2011 , 7 , 18 )","38","butterfly"
"new Date( 2011 , 7 , 17 )","54","butterfly"
"new Date( 2011 , 7 , 16 )","55","butterfly"
"new Date( 2011 , 7 , 15 )","46","butterfly"
"new Date( 2011 , 7 , 14 )","47","butterfly"
"new Date( 2011 , 7 , 13 )","49","butterfly"
"new Date( 2011 , 7 , 12 )","56","butterfly"
"new Date( 2011 , 7 , 11 )","56","butterfly"
"new Date( 2011 , 7 , 10 )","38","butterfly"
"new Date( 2011 , 7 , 9 )","60","butterfly"
"new Date( 2011 , 7 , 8 )","44","butterfly"
"new Date( 2011 , 7 , 7 )","51","butterfly"
"new Date( 2011 , 7 , 6 )","80","butterfly"
"new Date( 2011 , 7 , 5 )","69","butterfly"
"new Date( 2011 , 7 , 4 )","55","butterfly"
"new Date( 2011 , 7 , 3 )","64","butterfly"
"new Date( 2011 , 7 , 2 )","40","butterfly"
"new Date( 2011 , 7 , 1 )","51","butterfly"
"new Date( 2011 , 6 , 31 )","42","butterfly"
"new Date( 2011 , 6 , 30 )","54","butterfly"
"new Date( 2011 , 6 , 29 )","71","butterfly"
"new Date( 2011 , 6 , 28 )","59","butterfly"
"new Date( 2011 , 6 , 27 )","41","butterfly"
"new Date( 2011 , 6 , 26 )","45","butterfly"
"new Date( 2011 , 6 , 25 )","70","butterfly"
"new Date( 2011 , 6 , 24 )","49","butterfly"
"new Date( 2011 , 6 , 23 )","49","butterfly"
"new Date( 2011 , 6 , 22 )","64","butterfly"
"new Date( 2011 , 6 , 21 )","60","butterfly"
"new Date( 2011 , 6 , 20 )","51","butterfly"
"new Date( 2011 , 6 , 19 )","52","butterfly"
"new Date( 2011 , 6 , 18 )","52","butterfly"
"new Date( 2011 , 6 , 17 )","52","butterfly"
"new Date( 2011 , 6 , 16 )","63","butterfly"
"new Date( 2011 , 6 , 15 )","80","butterfly"
"new Date( 2011 , 6 , 14 )","111","butterfly"
"new Date( 2011 , 6 , 13 )","51","butterfly"
"new Date( 2011 , 6 , 12 )","79","butterfly"
"new Date( 2011 , 6 , 11 )","135","butterfly"
"new Date( 2011 , 6 , 10 )","89","butterfly"
"new Date( 2011 , 6 , 9 )","92","butterfly"
"new Date( 2011 , 6 , 8 )","65","butterfly"
"new Date( 2011 , 6 , 7 )","77","butterfly"
"new Date( 2011 , 6 , 6 )","74","butterfly"
"new Date( 2011 , 6 , 5 )","53","butterfly"
"new Date( 2011 , 6 , 4 )","51","butterfly"
"new Date( 2011 , 6 , 3 )","41","butterfly"
"new Date( 2011 , 6 , 2 )","35","butterfly"
"new Date( 2011 , 6 , 1 )","48","butterfly"
"new Date( 2011 , 5 , 30 )","45","butterfly"
"new Date( 2011 , 5 , 29 )","60","butterfly"
"new Date( 2011 , 5 , 28 )","71","butterfly"
"new Date( 2011 , 5 , 27 )","48","butterfly"
"new Date( 2011 , 5 , 26 )","51","butterfly"
"new Date( 2011 , 5 , 25 )","56","butterfly"
"new Date( 2011 , 5 , 24 )","90","butterfly"
"new Date( 2011 , 5 , 23 )","38","butterfly"
"new Date( 2011 , 5 , 22 )","47","butterfly"
"new Date( 2011 , 5 , 21 )","56","butterfly"
"new Date( 2011 , 5 , 20 )","51","butterfly"
"new Date( 2011 , 5 , 19 )","48","butterfly"
"new Date( 2011 , 5 , 18 )","66","butterfly"
"new Date( 2011 , 5 , 17 )","55","butterfly"
"new Date( 2011 , 5 , 16 )","70","butterfly"
"new Date( 2011 , 5 , 15 )","51","butterfly"
"new Date( 2011 , 5 , 14 )","44","butterfly"
"new Date( 2011 , 5 , 13 )","54","butterfly"
"new Date( 2011 , 5 , 12 )","84","butterfly"
"new Date( 2011 , 5 , 11 )","51","butterfly"
"new Date( 2011 , 5 , 10 )","52","butterfly"
"new Date( 2011 , 5 , 9 )","46","butterfly"
"new Date( 2011 , 5 , 8 )","43","butterfly"
"new Date( 2011 , 5 , 7 )","51","butterfly"
"new Date( 2011 , 5 , 6 )","38","butterfly"
"new Date( 2011 , 5 , 5 )","42","butterfly"
"new Date( 2011 , 5 , 4 )","72","butterfly"
"new Date( 2011 , 5 , 3 )","60","butterfly"
"new Date( 2011 , 5 , 2 )","45","butterfly"
"new Date( 2011 , 5 , 1 )","49","butterfly"
"new Date( 2011 , 4 , 31 )","57","butterfly"
"new Date( 2011 , 4 , 30 )","40","butterfly"
"new Date( 2011 , 4 , 29 )","51","butterfly"
"new Date( 2011 , 4 , 28 )","59","butterfly"
"new Date( 2011 , 4 , 27 )","69","butterfly"
"new Date( 2011 , 4 , 26 )","51","butterfly"
"new Date( 2011 , 4 , 25 )","42","butterfly"
"new Date( 2011 , 4 , 24 )","55","butterfly"
"new Date( 2011 , 4 , 23 )","49","butterfly"
"new Date( 2011 , 4 , 22 )","97","butterfly"
"new Date( 2011 , 4 , 21 )","91","butterfly"
"new Date( 2011 , 4 , 20 )","66","butterfly"
"new Date( 2011 , 4 , 19 )","50","butterfly"
"new Date( 2011 , 4 , 18 )","62","butterfly"
"new Date( 2011 , 4 , 17 )","54","butterfly"
"new Date( 2011 , 4 , 16 )","40","butterfly"
"new Date( 2011 , 4 , 15 )","57","butterfly"
"new Date( 2011 , 4 , 14 )","50","butterfly"
"new Date( 2011 , 4 , 13 )","70","butterfly"
"new Date( 2011 , 4 , 12 )","43","butterfly"
"new Date( 2011 , 4 , 11 )","75","butterfly"
"new Date( 2011 , 4 , 10 )","116","butterfly"
"new Date( 2011 , 4 , 9 )","54","butterfly"
"new Date( 2011 , 4 , 8 )","52","butterfly"
"new Date( 2011 , 4 , 7 )","64","butterfly"
"new Date( 2011 , 4 , 6 )","60","butterfly"
"new Date( 2011 , 4 , 5 )","76","butterfly"
"new Date( 2011 , 4 , 4 )","47","butterfly"
"new Date( 2011 , 4 , 3 )","52","butterfly"
"new Date( 2011 , 4 , 2 )","59","butterfly"
"new Date( 2011 , 4 , 1 )","47","butterfly"
"new Date( 2011 , 3 , 30 )","61","butterfly"
"new Date( 2011 , 3 , 29 )","47","butterfly"
"new Date( 2011 , 3 , 28 )","48","butterfly"
"new Date( 2011 , 3 , 27 )","43","butterfly"
"new Date( 2011 , 3 , 26 )","68","butterfly"
"new Date( 2011 , 3 , 25 )","63","butterfly"
"new Date( 2011 , 3 , 24 )","55","butterfly"
"new Date( 2011 , 3 , 23 )","55","butterfly"
"new Date( 2011 , 3 , 22 )","52","butterfly"
"new Date( 2011 , 3 , 21 )","54","butterfly"
"new Date( 2011 , 3 , 20 )","58","butterfly"
"new Date( 2011 , 3 , 19 )","65","butterfly"
"new Date( 2011 , 3 , 18 )","66","butterfly"
"new Date( 2011 , 3 , 17 )","74","butterfly"
"new Date( 2011 , 3 , 16 )","60","butterfly"
"new Date( 2011 , 3 , 15 )","87","butterfly"
"new Date( 2011 , 3 , 14 )","85","butterfly"
"new Date( 2011 , 3 , 13 )","78","butterfly"
"new Date( 2011 , 3 , 12 )","60","butterfly"
"new Date( 2011 , 3 , 11 )","117","butterfly"
"new Date( 2011 , 3 , 10 )","64","butterfly"
"new Date( 2011 , 3 , 9 )","56","butterfly"
"new Date( 2011 , 3 , 8 )","84","butterfly"
"new Date( 2011 , 3 , 7 )","80","butterfly"
"new Date( 2011 , 3 , 6 )","54","butterfly"
"new Date( 2011 , 3 , 5 )","99","butterfly"
"new Date( 2011 , 3 , 4 )","56","butterfly"
"new Date( 2011 , 3 , 3 )","69","butterfly"
"new Date( 2011 , 3 , 2 )","69","butterfly"
"new Date( 2011 , 3 , 1 )","77","butterfly"
"new Date( 2011 , 2 , 31 )","87","butterfly"
"new Date( 2011 , 2 , 30 )","71","butterfly"
"new Date( 2011 , 2 , 29 )","76","butterfly"
"new Date( 2011 , 2 , 28 )","69","butterfly"
"new Date( 2011 , 2 , 27 )","85","butterfly"
"new Date( 2011 , 2 , 26 )","84","butterfly"
"new Date( 2011 , 2 , 25 )","91","butterfly"
"new Date( 2011 , 2 , 24 )","96","butterfly"
"new Date( 2011 , 2 , 23 )","98","butterfly"
"new Date( 2011 , 2 , 22 )","136","butterfly"
"new Date( 2011 , 2 , 21 )","106","butterfly"
"new Date( 2011 , 2 , 20 )","145","butterfly"
"new Date( 2011 , 2 , 19 )","139","butterfly"
"new Date( 2011 , 2 , 18 )","127","butterfly"
"new Date( 2011 , 2 , 17 )","161","butterfly"
"new Date( 2011 , 2 , 16 )","169","butterfly"
"new Date( 2011 , 2 , 15 )","168","butterfly"
"new Date( 2011 , 2 , 14 )","273","butterfly"
"new Date( 2011 , 2 , 13 )","387","butterfly"
"new Date( 2011 , 2 , 12 )","533","butterfly"
"new Date( 2011 , 2 , 11 )","580","butterfly"
"new Date( 2011 , 2 , 10 )","54","butterfly"
"new Date( 2011 , 2 , 9 )","81","butterfly"
"new Date( 2011 , 2 , 8 )","42","butterfly"
"new Date( 2011 , 2 , 7 )","33","butterfly"
"new Date( 2011 , 2 , 6 )","66","butterfly"
"new Date( 2011 , 2 , 5 )","47","butterfly"
"new Date( 2011 , 2 , 4 )","46","butterfly"
"new Date( 2011 , 2 , 3 )","48","butterfly"
"new Date( 2011 , 2 , 2 )","34","butterfly"
"new Date( 2011 , 2 , 1 )","44","butterfly"
"new Date( 2011 , 1 , 28 )","51","butterfly"
"new Date( 2011 , 1 , 27 )","30","butterfly"
"new Date( 2011 , 1 , 26 )","51","butterfly"
"new Date( 2011 , 1 , 25 )","40","butterfly"
"new Date( 2011 , 1 , 24 )","48","butterfly"
"new Date( 2011 , 1 , 23 )","63","butterfly"
"new Date( 2011 , 1 , 22 )","85","butterfly"
"new Date( 2011 , 1 , 21 )","59","butterfly"
"new Date( 2011 , 1 , 20 )","47","butterfly"
"new Date( 2011 , 1 , 19 )","49","butterfly"
"new Date( 2011 , 1 , 18 )","68","butterfly"
"new Date( 2011 , 1 , 17 )","47","butterfly"
"new Date( 2011 , 1 , 16 )","42","butterfly"
"new Date( 2011 , 1 , 15 )","51","butterfly"
"new Date( 2011 , 1 , 14 )","54","butterfly"
"new Date( 2011 , 1 , 13 )","53","butterfly"
"new Date( 2011 , 1 , 12 )","57","butterfly"
"new Date( 2011 , 1 , 11 )","59","butterfly"
"new Date( 2011 , 1 , 10 )","40","butterfly"
"new Date( 2011 , 1 , 9 )","41","butterfly"
"new Date( 2011 , 1 , 8 )","38","butterfly"
"new Date( 2011 , 1 , 7 )","37","butterfly"
"new Date( 2011 , 1 , 6 )","41","butterfly"
"new Date( 2011 , 1 , 5 )","43","butterfly"
"new Date( 2011 , 1 , 4 )","65","butterfly"
"new Date( 2011 , 1 , 3 )","53","butterfly"
"new Date( 2011 , 1 , 2 )","39","butterfly"
"new Date( 2011 , 1 , 1 )","52","butterfly"
"new Date( 2011 , 0 , 31 )","55","butterfly"
"new Date( 2011 , 0 , 30 )","62","butterfly"
"new Date( 2011 , 0 , 29 )","40","butterfly"
"new Date( 2011 , 0 , 28 )","53","butterfly"
"new Date( 2011 , 0 , 27 )","54","butterfly"
"new Date( 2011 , 0 , 26 )","33","butterfly"
"new Date( 2011 , 0 , 25 )","45","butterfly"
"new Date( 2011 , 0 , 24 )","52","butterfly"
"new Date( 2011 , 0 , 23 )","55","butterfly"
"new Date( 2011 , 0 , 22 )","59","butterfly"
"new Date( 2011 , 0 , 21 )","41","butterfly"
"new Date( 2011 , 0 , 20 )","60","butterfly"
"new Date( 2011 , 0 , 19 )","42","butterfly"
"new Date( 2011 , 0 , 18 )","55","butterfly"
"new Date( 2011 , 0 , 17 )","44","butterfly"
"new Date( 2011 , 0 , 16 )","63","butterfly"
"new Date( 2011 , 0 , 15 )","69","butterfly"
"new Date( 2011 , 0 , 14 )","57","butterfly"
"new Date( 2011 , 0 , 13 )","93","butterfly"
"new Date( 2011 , 0 , 12 )","65","butterfly"
"new Date( 2011 , 0 , 11 )","54","butterfly"
"new Date( 2011 , 0 , 10 )","52","butterfly"
"new Date( 2011 , 0 , 9 )","82","butterfly"
"new Date( 2011 , 0 , 8 )","58","butterfly"
"new Date( 2011 , 0 , 7 )","49","butterfly"
"new Date( 2011 , 0 , 6 )","51","butterfly"
"new Date( 2011 , 0 , 5 )","44","butterfly"
"new Date( 2011 , 0 , 4 )","39","butterfly"
"new Date( 2011 , 0 , 3 )","67","butterfly"
"new Date( 2011 , 0 , 2 )","65","butterfly"
"new Date( 2011 , 0 , 1 )","51","butterfly"
"new Date( 2010 , 11 , 31 )","54","butterfly"
"new Date( 2010 , 11 , 30 )","61","butterfly"
"new Date( 2010 , 11 , 29 )","69","butterfly"
"new Date( 2010 , 11 , 28 )","61","butterfly"
"new Date( 2010 , 11 , 27 )","85","butterfly"
"new Date( 2010 , 11 , 26 )","124","butterfly"
"new Date( 2010 , 11 , 25 )","161","butterfly"
"new Date( 2010 , 11 , 24 )","88","butterfly"
"new Date( 2010 , 11 , 23 )","146","butterfly"
"new Date( 2010 , 11 , 22 )","249","butterfly"
"new Date( 2010 , 11 , 21 )","165","butterfly"
"new Date( 2010 , 11 , 20 )","45","butterfly"
"new Date( 2010 , 11 , 19 )","73","butterfly"
"new Date( 2010 , 11 , 18 )","11","butterfly"
"new Date( 2010 , 6 , 11 )","46","butterfly"
"new Date( 2010 , 6 , 10 )","50","butterfly"
"new Date( 2010 , 6 , 9 )","46","butterfly"
"new Date( 2010 , 6 , 8 )","45","butterfly"
"new Date( 2010 , 6 , 7 )","40","butterfly"
"new Date( 2010 , 6 , 6 )","49","butterfly"
"new Date( 2010 , 6 , 5 )","34","butterfly"
"new Date( 2010 , 6 , 4 )","51","butterfly"
"new Date( 2010 , 6 , 3 )","40","butterfly"
"new Date( 2010 , 6 , 2 )","53","butterfly"
"new Date( 2010 , 6 , 1 )","49","butterfly"
"new Date( 2010 , 5 , 30 )","44","butterfly"
"new Date( 2010 , 5 , 29 )","45","butterfly"
"new Date( 2010 , 5 , 28 )","48","butterfly"
"new Date( 2010 , 5 , 27 )","57","butterfly"
"new Date( 2010 , 5 , 26 )","41","butterfly"
"new Date( 2010 , 5 , 25 )","50","butterfly"
"new Date( 2010 , 5 , 24 )","61","butterfly"
"new Date( 2010 , 5 , 23 )","47","butterfly"
"new Date( 2010 , 5 , 22 )","40","butterfly"
"new Date( 2010 , 5 , 21 )","35","butterfly"
"new Date( 2010 , 5 , 20 )","55","butterfly"
"new Date( 2010 , 5 , 19 )","41","butterfly"
"new Date( 2010 , 5 , 18 )","44","butterfly"
"new Date( 2010 , 5 , 17 )","57","butterfly"
"new Date( 2010 , 5 , 16 )","117","butterfly"
"new Date( 2010 , 5 , 15 )","159","butterfly"
"new Date( 2010 , 5 , 14 )","43","butterfly"
"new Date( 2010 , 5 , 13 )","63","butterfly"
"new Date( 2010 , 5 , 12 )","50","butterfly"
"new Date( 2010 , 5 , 11 )","48","butterfly"
"new Date( 2010 , 5 , 10 )","47","butterfly"
"new Date( 2010 , 5 , 9 )","36","butterfly"
"new Date( 2010 , 5 , 8 )","47","butterfly"
"new Date( 2010 , 5 , 7 )","48","butterfly"
"new Date( 2010 , 5 , 6 )","41","butterfly"
"new Date( 2010 , 5 , 5 )","37","butterfly"
"new Date( 2010 , 5 , 4 )","52","butterfly"
"new Date( 2010 , 5 , 3 )","52","butterfly"
"new Date( 2010 , 5 , 2 )","42","butterfly"
"new Date( 2010 , 5 , 1 )","46","butterfly"
"new Date( 2010 , 4 , 31 )","36","butterfly"
"new Date( 2010 , 4 , 30 )","45","butterfly"
"new Date( 2010 , 4 , 29 )","64","butterfly"
"new Date( 2010 , 4 , 28 )","65","butterfly"
"new Date( 2010 , 4 , 27 )","57","butterfly"
"new Date( 2010 , 4 , 26 )","52","butterfly"
"new Date( 2010 , 4 , 25 )","42","butterfly"
"new Date( 2010 , 4 , 24 )","50","butterfly"
"new Date( 2010 , 4 , 23 )","48","butterfly"
"new Date( 2010 , 4 , 22 )","68","butterfly"
"new Date( 2010 , 4 , 21 )","43","butterfly"
"new Date( 2010 , 4 , 20 )","56","butterfly"
"new Date( 2010 , 4 , 19 )","52","butterfly"
"new Date( 2010 , 4 , 18 )","47","butterfly"
"new Date( 2010 , 4 , 17 )","45","butterfly"
"new Date( 2010 , 4 , 16 )","58","butterfly"
"new Date( 2010 , 4 , 15 )","45","butterfly"
"new Date( 2010 , 4 , 14 )","56","butterfly"
"new Date( 2010 , 4 , 13 )","58","butterfly"
"new Date( 2010 , 4 , 12 )","46","butterfly"
"new Date( 2010 , 4 , 11 )","50","butterfly"
"new Date( 2010 , 4 , 10 )","57","butterfly"
"new Date( 2010 , 4 , 9 )","51","butterfly"
"new Date( 2010 , 4 , 8 )","69","butterfly"
"new Date( 2010 , 4 , 7 )","60","butterfly"
"new Date( 2010 , 4 , 6 )","63","butterfly"
"new Date( 2010 , 4 , 5 )","63","butterfly"
"new Date( 2010 , 4 , 4 )","49","butterfly"
"new Date( 2010 , 4 , 3 )","56","butterfly"
"new Date( 2010 , 4 , 2 )","78","butterfly"
"new Date( 2010 , 4 , 1 )","67","butterfly"
"new Date( 2010 , 3 , 30 )","60","butterfly"
"new Date( 2010 , 3 , 29 )","66","butterfly"
"new Date( 2010 , 3 , 28 )","67","butterfly"
"new Date( 2010 , 3 , 27 )","80","butterfly"
"new Date( 2010 , 3 , 26 )","57","butterfly"
"new Date( 2010 , 3 , 25 )","57","butterfly"
"new Date( 2010 , 3 , 24 )","62","butterfly"
"new Date( 2010 , 3 , 23 )","60","butterfly"
"new Date( 2010 , 3 , 22 )","62","butterfly"
"new Date( 2010 , 3 , 21 )","68","butterfly"
"new Date( 2010 , 3 , 20 )","63","butterfly"
"new Date( 2010 , 3 , 19 )","61","butterfly"
"new Date( 2010 , 3 , 18 )","88","butterfly"
"new Date( 2010 , 3 , 17 )","79","butterfly"
"new Date( 2010 , 3 , 16 )","99","butterfly"
"new Date( 2010 , 3 , 15 )","117","butterfly"
"new Date( 2010 , 3 , 14 )","88","butterfly"
"new Date( 2010 , 3 , 13 )","107","butterfly"
"new Date( 2010 , 3 , 12 )","107","butterfly"
"new Date( 2010 , 3 , 11 )","145","butterfly"
"new Date( 2010 , 3 , 10 )","142","butterfly"
"new Date( 2010 , 3 , 9 )","171","butterfly"
"new Date( 2010 , 3 , 8 )","225","butterfly"
"new Date( 2010 , 3 , 7 )","273","butterfly"
"new Date( 2010 , 3 , 6 )","380","butterfly"
"new Date( 2010 , 3 , 5 )","691","butterfly"
"new Date( 2010 , 3 , 4 )","98","butterfly"
"new Date( 2010 , 3 , 3 )","47","butterfly"
"new Date( 2010 , 3 , 2 )","51","butterfly"
"new Date( 2010 , 3 , 1 )","39","butterfly"
"new Date( 2010 , 2 , 31 )","28","butterfly"
"new Date( 2010 , 2 , 30 )","36","butterfly"
"new Date( 2010 , 2 , 29 )","33","butterfly"
"new Date( 2010 , 2 , 28 )","54","butterfly"
"new Date( 2010 , 2 , 27 )","38","butterfly"
"new Date( 2010 , 2 , 26 )","42","butterfly"
"new Date( 2010 , 2 , 25 )","40","butterfly"
"new Date( 2010 , 2 , 24 )","43","butterfly"
"new Date( 2010 , 2 , 23 )","44","butterfly"
"new Date( 2010 , 2 , 22 )","54","butterfly"
"new Date( 2010 , 2 , 21 )","64","butterfly"
"new Date( 2010 , 2 , 20 )","54","butterfly"
"new Date( 2010 , 2 , 19 )","54","butterfly"
"new Date( 2010 , 2 , 18 )","74","butterfly"
"new Date( 2010 , 2 , 17 )","83","butterfly"
"new Date( 2010 , 2 , 16 )","56","butterfly"
"new Date( 2010 , 2 , 15 )","61","butterfly"
"new Date( 2010 , 2 , 14 )","69","butterfly"
"new Date( 2010 , 2 , 13 )","69","butterfly"
"new Date( 2010 , 2 , 12 )","98","butterfly"
"new Date( 2010 , 2 , 11 )","99","butterfly"
"new Date( 2010 , 2 , 10 )","66","butterfly"
"new Date( 2010 , 2 , 9 )","65","butterfly"
"new Date( 2010 , 2 , 8 )","87","butterfly"
"new Date( 2010 , 2 , 7 )","58","butterfly"
"new Date( 2010 , 2 , 6 )","77","butterfly"
"new Date( 2010 , 2 , 5 )","69","butterfly"
"new Date( 2010 , 2 , 4 )","77","butterfly"
"new Date( 2010 , 2 , 3 )","87","butterfly"
"new Date( 2010 , 2 , 2 )","119","butterfly"
"new Date( 2010 , 2 , 1 )","145","butterfly"
"new Date( 2010 , 1 , 28 )","291","butterfly"
"new Date( 2010 , 1 , 27 )","363","butterfly"
"new Date( 2010 , 1 , 26 )","47","butterfly"
"new Date( 2010 , 1 , 25 )","39","butterfly"
"new Date( 2010 , 1 , 24 )","26","butterfly"
"new Date( 2010 , 1 , 23 )","45","butterfly"
"new Date( 2010 , 1 , 22 )","43","butterfly"
"new Date( 2010 , 1 , 21 )","28","butterfly"
"new Date( 2010 , 1 , 20 )","33","butterfly"
"new Date( 2010 , 1 , 19 )","48","butterfly"
"new Date( 2010 , 1 , 18 )","37","butterfly"
"new Date( 2010 , 1 , 17 )","31","butterfly"
"new Date( 2010 , 1 , 16 )","35","butterfly"
"new Date( 2010 , 1 , 15 )","24","butterfly"
"new Date( 2010 , 1 , 14 )","42","butterfly"
"new Date( 2010 , 1 , 13 )","51","butterfly"
"new Date( 2010 , 1 , 12 )","40","butterfly"
"new Date( 2010 , 1 , 11 )","32","butterfly"
"new Date( 2010 , 1 , 10 )","39","butterfly"
"new Date( 2010 , 1 , 9 )","36","butterfly"
"new Date( 2010 , 1 , 8 )","29","butterfly"
"new Date( 2010 , 1 , 7 )","44","butterfly"
"new Date( 2010 , 1 , 6 )","44","butterfly"
"new Date( 2010 , 1 , 5 )","34","butterfly"
"new Date( 2010 , 1 , 4 )","35","butterfly"
"new Date( 2010 , 1 , 3 )","38","butterfly"
"new Date( 2010 , 1 , 2 )","37","butterfly"
"new Date( 2010 , 1 , 1 )","30","butterfly"
"new Date( 2010 , 0 , 31 )","39","butterfly"
"new Date( 2010 , 0 , 30 )","30","butterfly"
"new Date( 2010 , 0 , 29 )","41","butterfly"
"new Date( 2010 , 0 , 28 )","39","butterfly"
"new Date( 2010 , 0 , 27 )","45","butterfly"
"new Date( 2010 , 0 , 26 )","32","butterfly"
"new Date( 2010 , 0 , 25 )","44","butterfly"
"new Date( 2010 , 0 , 24 )","40","butterfly"
"new Date( 2010 , 0 , 23 )","34","butterfly"
"new Date( 2010 , 0 , 22 )","48","butterfly"
"new Date( 2010 , 0 , 21 )","54","butterfly"
"new Date( 2010 , 0 , 20 )","46","butterfly"
"new Date( 2010 , 0 , 19 )","49","butterfly"
"new Date( 2010 , 0 , 18 )","61","butterfly"
"new Date( 2010 , 0 , 17 )","49","butterfly"
"new Date( 2010 , 0 , 16 )","42","butterfly"
"new Date( 2010 , 0 , 15 )","66","butterfly"
"new Date( 2010 , 0 , 14 )","39","butterfly"
"new Date( 2010 , 0 , 13 )","74","butterfly"
"new Date( 2010 , 0 , 12 )","51","butterfly"
"new Date( 2010 , 0 , 11 )","41","butterfly"
"new Date( 2010 , 0 , 10 )","55","butterfly"
"new Date( 2010 , 0 , 9 )","24","butterfly"
"new Date( 2010 , 0 , 8 )","42","butterfly"
"new Date( 2010 , 0 , 7 )","33","butterfly"
"new Date( 2010 , 0 , 6 )","28","butterfly"
"new Date( 2010 , 0 , 5 )","42","butterfly"
"new Date( 2010 , 0 , 4 )","67","butterfly"
"new Date( 2010 , 0 , 3 )","48","butterfly"
"new Date( 2010 , 0 , 2 )","33","butterfly"
"new Date( 2010 , 0 , 1 )","29","butterfly"
